[
    {
        "module": "societe",
        "id": "3416",
        "entity": "1",
        "import_key": null,
        "array_options": [],
        "array_languages": null,
        "contacts_ids": null,
        "linked_objects": null,
        "linkedObjectsIds": null,
        "oldref": null,
        "actionmsg": null,
        "actionmsg2": null,
        "canvas": null,
        "fk_project": null,
        "contact_id": null,
        "user": null,
        "origin": null,
        "origin_id": null,
        "origin_object": null,
        "expedition": null,
        "livraison": null,
        "commandeFournisseur": null,
        "ref": "3416",
        "ref_ext": null,
        "statut": null,
        "status": "1",
        "country_id": "19",
        "country_code": "RU",
        "state_id": null,
        "region_id": null,
        "barcode_type": null,
        "barcode_type_coder": null,
        "mode_reglement_id": null,
        "cond_reglement_id": null,
        "demand_reason_id": null,
        "transport_mode_id": null,
        "shipping_method_id": null,
        "shipping_method": null,
        "fk_multicurrency": "0",
        "multicurrency_code": "",
        "multicurrency_tx": null,
        "multicurrency_total_ht": null,
        "multicurrency_total_tva": null,
        "multicurrency_total_ttc": null,
        "multicurrency_total_localtax1": null,
        "multicurrency_total_localtax2": null,
        "model_pdf": "",
        "last_main_doc": null,
        "fk_bank": null,
        "fk_account": "0",
        "note_public": null,
        "note_private": null,
        "name": "ООО АВТОАЛЬЯНС",
        "lastname": null,
        "firstname": null,
        "civility_id": null,
        "date_creation": 1725256948,
        "date_validation": null,
        "date_modification": 1725256948,
        "date_update": null,
        "date_cloture": null,
        "user_author": null,
        "user_creation": null,
        "user_creation_id": "1",
        "user_valid": null,
        "user_validation": null,
        "user_validation_id": null,
        "user_closing_id": null,
        "user_modification": null,
        "user_modification_id": "1",
        "specimen": 0,
        "totalpaid": null,
        "labelStatus": [],
        "labelStatusShort": [],
        "tpl": null,
        "showphoto_on_popup": null,
        "nb": [],
        "nbphoto": null,
        "output": null,
        "extraparams": [],
        "product": null,
        "cond_reglement_supplier_id": null,
        "deposit_percent": null,
        "retained_warranty_fk_cond_reglement": null,
        "warehouse_id": null,
        "SupplierCategories": [],
        "prefixCustomerIsRequired": null,
        "name_alias": "",
        "phone": "98789987",
        "fax": null,
        "email": "auto@yandex.ru",
        "no_email": "0",
        "skype": null,
        "twitter": null,
        "facebook": null,
        "linkedin": null,
        "url": null,
        "barcode": null,
        "idprof1": "1207700328990",
        "idprof2": "9701161958",
        "idprof3": "772401001",
        "idprof4": "",
        "idprof5": "",
        "idprof6": "",
        "socialobject": null,
        "tva_assuj": "1",
        "tva_intra": "",
        "vat_reverse_charge": 0,
        "localtax1_assuj": null,
        "localtax1_value": "0.0000",
        "localtax2_assuj": null,
        "localtax2_value": "0.0000",
        "managers": null,
        "capital": null,
        "typent_id": "0",
        "typent_code": null,
        "effectif": "",
        "effectif_id": null,
        "forme_juridique_code": null,
        "forme_juridique": "",
        "remise_percent": 0,
        "remise_supplier_percent": "0",
        "mode_reglement_supplier_id": null,
        "transport_mode_supplier_id": null,
        "fk_prospectlevel": "",
        "client": "1",
        "prospect": 0,
        "fournisseur": "0",
        "code_client": null,
        "code_fournisseur": null,
        "code_compta_client": "411CUSTCODE",
        "code_compta": "411CUSTCODE",
        "accountancy_code_customer": null,
        "code_compta_fournisseur": null,
        "accountancy_code_supplier": null,
        "code_compta_product": null,
        "stcomm_id": "0",
        "stcomm_picto": null,
        "status_prospect_label": "Never contacted",
        "price_level": null,
        "outstanding_limit": null,
        "order_min_amount": null,
        "supplier_order_min_amount": null,
        "parent": null,
        "default_lang": null,
        "webservices_url": null,
        "webservices_key": null,
        "logo": null,
        "logo_small": null,
        "logo_mini": null,
        "logo_squarred": null,
        "logo_squarred_small": null,
        "logo_squarred_mini": null,
        "accountancy_code_sell": "",
        "accountancy_code_buy": "",
        "fk_warehouse": null,
        "partnerships": [],
        "bank_account": null,
        "fk_incoterms": "0",
        "label_incoterms": null,
        "location_incoterms": null,
        "socialnetworks": [],
        "address": "115487, Город Москва, вн.тер. г. Муниципальный Округ Нагатино-Садовники, ул Нагатинская, дом 16, корпус 1, строение 5",
        "zip": null,
        "town": null
    },
    {
        "module": "societe",
        "id": "3418",
        "entity": "1",
        "import_key": null,
        "array_options": [],
        "array_languages": null,
        "contacts_ids": null,
        "linked_objects": null,
        "linkedObjectsIds": null,
        "oldref": null,
        "actionmsg": null,
        "actionmsg2": null,
        "canvas": null,
        "fk_project": null,
        "contact_id": null,
        "user": null,
        "origin": null,
        "origin_id": null,
        "origin_object": null,
        "expedition": null,
        "livraison": null,
        "commandeFournisseur": null,
        "ref": "3418",
        "ref_ext": null,
        "statut": null,
        "status": "1",
        "country_id": "19",
        "country_code": "RU",
        "state_id": null,
        "region_id": null,
        "barcode_type": null,
        "barcode_type_coder": null,
        "mode_reglement_id": null,
        "cond_reglement_id": null,
        "demand_reason_id": null,
        "transport_mode_id": null,
        "shipping_method_id": null,
        "shipping_method": null,
        "fk_multicurrency": "0",
        "multicurrency_code": "",
        "multicurrency_tx": null,
        "multicurrency_total_ht": null,
        "multicurrency_total_tva": null,
        "multicurrency_total_ttc": null,
        "multicurrency_total_localtax1": null,
        "multicurrency_total_localtax2": null,
        "model_pdf": "",
        "last_main_doc": null,
        "fk_bank": null,
        "fk_account": "0",
        "note_public": null,
        "note_private": null,
        "name": "ООО ГЕРМЕС",
        "lastname": null,
        "firstname": null,
        "civility_id": null,
        "date_creation": 1725270780,
        "date_validation": null,
        "date_modification": 1725270780,
        "date_update": null,
        "date_cloture": null,
        "user_author": null,
        "user_creation": null,
        "user_creation_id": "1",
        "user_valid": null,
        "user_validation": null,
        "user_validation_id": null,
        "user_closing_id": null,
        "user_modification": null,
        "user_modification_id": "1",
        "specimen": 0,
        "totalpaid": null,
        "labelStatus": [],
        "labelStatusShort": [],
        "tpl": null,
        "showphoto_on_popup": null,
        "nb": [],
        "nbphoto": null,
        "output": null,
        "extraparams": [],
        "product": null,
        "cond_reglement_supplier_id": null,
        "deposit_percent": null,
        "retained_warranty_fk_cond_reglement": null,
        "warehouse_id": null,
        "SupplierCategories": [],
        "prefixCustomerIsRequired": null,
        "name_alias": "",
        "phone": "461654564",
        "fax": null,
        "email": "gvjhbvbbkjjhjbhv@vhjbj.gtd",
        "no_email": "0",
        "skype": null,
        "twitter": null,
        "facebook": null,
        "linkedin": null,
        "url": null,
        "barcode": null,
        "idprof1": "1187746370900",
        "idprof2": "4025440258",
        "idprof3": "770301001",
        "idprof4": "",
        "idprof5": "",
        "idprof6": "",
        "socialobject": null,
        "tva_assuj": "1",
        "tva_intra": "",
        "vat_reverse_charge": 0,
        "localtax1_assuj": null,
        "localtax1_value": "0.0000",
        "localtax2_assuj": null,
        "localtax2_value": "0.0000",
        "managers": null,
        "capital": null,
        "typent_id": "0",
        "typent_code": null,
        "effectif": "",
        "effectif_id": null,
        "forme_juridique_code": null,
        "forme_juridique": "",
        "remise_percent": 0,
        "remise_supplier_percent": "0",
        "mode_reglement_supplier_id": null,
        "transport_mode_supplier_id": null,
        "fk_prospectlevel": "",
        "client": "0",
        "prospect": 0,
        "fournisseur": "1",
        "code_client": null,
        "code_fournisseur": null,
        "code_compta_client": null,
        "code_compta": null,
        "accountancy_code_customer": null,
        "code_compta_fournisseur": "401SUPPCODE",
        "accountancy_code_supplier": null,
        "code_compta_product": null,
        "stcomm_id": "0",
        "stcomm_picto": null,
        "status_prospect_label": "Never contacted",
        "price_level": null,
        "outstanding_limit": null,
        "order_min_amount": null,
        "supplier_order_min_amount": null,
        "parent": null,
        "default_lang": null,
        "webservices_url": null,
        "webservices_key": null,
        "logo": null,
        "logo_small": null,
        "logo_mini": null,
        "logo_squarred": null,
        "logo_squarred_small": null,
        "logo_squarred_mini": null,
        "accountancy_code_sell": "",
        "accountancy_code_buy": "",
        "fk_warehouse": null,
        "partnerships": [],
        "bank_account": null,
        "fk_incoterms": "0",
        "label_incoterms": null,
        "location_incoterms": null,
        "socialnetworks": [],
        "address": "123100, Город Москва, вн.тер. г. Муниципальный Округ Пресненский, ул Мантулинская, дом 12, этаж 2, помещение I КОМ. 5 ОФИС 1",
        "zip": null,
        "town": null
    }
]