{
    "odata.metadata": "https://1cfresh.com:443/a/ea/3042735/ru/odata/standard.odata/$metadata#Catalog_КонтактныеЛица",
    "value": [
        {
            "Ref_Key": "fd2ce8ba-6612-11ef-8e14-fa163eb4f3b4",
            "DataVersion": "AAAAAAAAAAA=",
            "DeletionMark": false,
            "Code": "00-000105",
            "Description": "Пироговский",
            "Фамилия": "",
            "Имя": "",
            "Отчество": "",
            "ДатаРождения": "0001-01-01T00:00:00",
            "Роль_Key": "00000000-0000-0000-0000-000000000000",
            "Должность": "Генеральный Директор",
            "Описание": "",
            "ОбъектВладелец": "",
            "ОбъектВладелец_Type": "StandardODATA.Undefined",
            "ВидКонтактногоЛица": "",
            "ПользовательЛичногоКонтакта_Key": "00000000-0000-0000-0000-000000000000",
            "Лид": false,
            "НекачественныйЛид": false,
            "Ответственный_Key": "00000000-0000-0000-0000-000000000000",
            "КонтактнаяИнформация": [],
            "ДополнительныеРеквизиты": [],
            "Predefined": false,
            "PredefinedDataName": ""
        },
        {
            "Ref_Key": "fe806368-6612-11ef-8e14-fa163eb4f3b4",
            "DataVersion": "AAAAAAAAAAA=",
            "DeletionMark": false,
            "Code": "00-000106",
            "Description": "Нажметдинова",
            "Фамилия": "",
            "Имя": "",
            "Отчество": "",
            "ДатаРождения": "0001-01-01T00:00:00",
            "Роль_Key": "00000000-0000-0000-0000-000000000000",
            "Должность": "Генеральный Директор",
            "Описание": "",
            "ОбъектВладелец": "",
            "ОбъектВладелец_Type": "StandardODATA.Undefined",
            "ВидКонтактногоЛица": "",
            "ПользовательЛичногоКонтакта_Key": "00000000-0000-0000-0000-000000000000",
            "Лид": false,
            "НекачественныйЛид": false,
            "Ответственный_Key": "00000000-0000-0000-0000-000000000000",
            "КонтактнаяИнформация": [],
            "ДополнительныеРеквизиты": [],
            "Predefined": false,
            "PredefinedDataName": ""
        },
        {
            "Ref_Key": "6f631364-6613-11ef-8e14-fa163eb4f3b4",
            "DataVersion": "AAAAAAAAAAA=",
            "DeletionMark": false,
            "Code": "00-000108",
            "Description": "Нажметдинова, Генеральный Директор",
            "Фамилия": "Нажметдинова",
            "Имя": "",
            "Отчество": "",
            "ДатаРождения": "0001-01-01T00:00:00",
            "Роль_Key": "00000000-0000-0000-0000-000000000000",
            "Должность": "Генеральный Директор",
            "Описание": "",
            "ОбъектВладелец": "",
            "ОбъектВладелец_Type": "StandardODATA.Undefined",
            "ВидКонтактногоЛица": "",
            "ПользовательЛичногоКонтакта_Key": "00000000-0000-0000-0000-000000000000",
            "Лид": false,
            "НекачественныйЛид": false,
            "Ответственный_Key": "00000000-0000-0000-0000-000000000000",
            "КонтактнаяИнформация": [],
            "ДополнительныеРеквизиты": [],
            "Predefined": false,
            "PredefinedDataName": ""
        },
        {
            "Ref_Key": "bc67a7da-66ca-11ef-8e14-fa163eb4f3b4",
            "DataVersion": "AAAAAAAAAAA=",
            "DeletionMark": false,
            "Code": "00-000142",
            "Description": "Чугунов",
            "Фамилия": "Чугунов",
            "Имя": "",
            "Отчество": "",
            "ДатаРождения": "0001-01-01T00:00:00",
            "Роль_Key": "00000000-0000-0000-0000-000000000000",
            "Должность": "",
            "Описание": "",
            "ОбъектВладелец": "",
            "ОбъектВладелец_Type": "StandardODATA.Undefined",
            "ВидКонтактногоЛица": "",
            "ПользовательЛичногоКонтакта_Key": "00000000-0000-0000-0000-000000000000",
            "Лид": false,
            "НекачественныйЛид": false,
            "Ответственный_Key": "00000000-0000-0000-0000-000000000000",
            "КонтактнаяИнформация": [],
            "ДополнительныеРеквизиты": [],
            "Predefined": false,
            "PredefinedDataName": ""
        },
        {
            "Ref_Key": "95145e02-66cb-11ef-8e14-fa163eb4f3b4",
            "DataVersion": "AAAAAAAAAAA=",
            "DeletionMark": false,
            "Code": "00-000143",
            "Description": "Destailleur, Dolibarr project leader",
            "Фамилия": "Destailleur",
            "Имя": "",
            "Отчество": "",
            "ДатаРождения": "0001-01-01T00:00:00",
            "Роль_Key": "00000000-0000-0000-0000-000000000000",
            "Должность": "Dolibarr project leader",
            "Описание": "",
            "ОбъектВладелец": "",
            "ОбъектВладелец_Type": "StandardODATA.Undefined",
            "ВидКонтактногоЛица": "",
            "ПользовательЛичногоКонтакта_Key": "00000000-0000-0000-0000-000000000000",
            "Лид": false,
            "НекачественныйЛид": false,
            "Ответственный_Key": "00000000-0000-0000-0000-000000000000",
            "КонтактнаяИнформация": [],
            "ДополнительныеРеквизиты": [],
            "Predefined": false,
            "PredefinedDataName": ""
        },
        {
            "Ref_Key": "91a986d8-6843-11ef-8e14-fa163eb4f3b4",
            "DataVersion": "AAAAAAAAAAA=",
            "DeletionMark": false,
            "Code": "00-000170",
            "Description": "Михнов, Генеральный Директор",
            "Фамилия": "Михнов",
            "Имя": "",
            "Отчество": "",
            "ДатаРождения": "0001-01-01T00:00:00",
            "Роль_Key": "00000000-0000-0000-0000-000000000000",
            "Должность": "Генеральный Директор",
            "Описание": "",
            "ОбъектВладелец": "91c61974-6843-11ef-8e14-fa163eb4f3b4",
            "ОбъектВладелец_Type": "StandardODATA.Catalog_Контрагенты",
            "ВидКонтактногоЛица": "",
            "ПользовательЛичногоКонтакта_Key": "00000000-0000-0000-0000-000000000000",
            "Лид": false,
            "НекачественныйЛид": false,
            "Ответственный_Key": "00000000-0000-0000-0000-000000000000",
            "КонтактнаяИнформация": [
                {
                    "Ref_Key": "91a986d8-6843-11ef-8e14-fa163eb4f3b4",
                    "LineNumber": "1",
                    "Тип": "Телефон",
                    "Вид_Key": "9190a944-4bd1-11ef-a9f7-adf91a234dd1",
                    "Представление": "68465465",
                    "ЗначенияПолей": "<КонтактнаяИнформация xmlns=\"http://www.v8.1c.ru/ssl/contactinfo\" xmlns:xs=\"http://www.w3.org/2001/XMLSchema\" xmlns:xsi=\"http://www.w3.org/2001/XMLSchema-instance\" Представление=\"68465465\"><Состав xsi:type=\"НомерТелефона\" КодСтраны=\"\" КодГорода=\"\" Номер=\"68465465\" Добавочный=\"\"/></КонтактнаяИнформация>",
                    "Страна": "",
                    "Регион": "",
                    "Город": "",
                    "АдресЭП": "",
                    "ДоменноеИмяСервера": "",
                    "НомерТелефона": "68465465",
                    "НомерТелефонаБезКодов": "68465465",
                    "ВидДляСписка_Key": "9190a944-4bd1-11ef-a9f7-adf91a234dd1",
                    "Значение": "{\n\"version\": 4,\n\"value\": \"68465465\",\n\"type\": \"Телефон\",\n\"number\": \"68465465\"\n}"
                },
                {
                    "Ref_Key": "91a986d8-6843-11ef-8e14-fa163eb4f3b4",
                    "LineNumber": "2",
                    "Тип": "АдресЭлектроннойПочты",
                    "Вид_Key": "9190a941-4bd1-11ef-a9f7-adf91a234dd1",
                    "Представление": "hgbdhjvbd@gvhgvbh.dvh",
                    "ЗначенияПолей": "<КонтактнаяИнформация xmlns=\"http://www.v8.1c.ru/ssl/contactinfo\" xmlns:xs=\"http://www.w3.org/2001/XMLSchema\" xmlns:xsi=\"http://www.w3.org/2001/XMLSchema-instance\" Представление=\"hgbdhjvbd@gvhgvbh.dvh\"><Состав xsi:type=\"ЭлектроннаяПочта\" Значение=\"hgbdhjvbd@gvhgvbh.dvh\"/></КонтактнаяИнформация>",
                    "Страна": "",
                    "Регион": "",
                    "Город": "",
                    "АдресЭП": "hgbdhjvbd@gvhgvbh.dvh",
                    "ДоменноеИмяСервера": "gvhgvbh.dvh",
                    "НомерТелефона": "",
                    "НомерТелефонаБезКодов": "",
                    "ВидДляСписка_Key": "9190a941-4bd1-11ef-a9f7-adf91a234dd1",
                    "Значение": "{\n\"version\": 4,\n\"value\": \"hgbdhjvbd@gvhgvbh.dvh\",\n\"type\": \"АдресЭлектроннойПочты\"\n}"
                }
            ],
            "ДополнительныеРеквизиты": [],
            "Predefined": false,
            "PredefinedDataName": ""
        },
        {
            "Ref_Key": "944bc360-6843-11ef-8e14-fa163eb4f3b4",
            "DataVersion": "AAAAAAAAAAA=",
            "DeletionMark": false,
            "Code": "00-000171",
            "Description": "Пироговский, Генеральный Директор",
            "Фамилия": "Пироговский",
            "Имя": "",
            "Отчество": "",
            "ДатаРождения": "0001-01-01T00:00:00",
            "Роль_Key": "00000000-0000-0000-0000-000000000000",
            "Должность": "Генеральный Директор",
            "Описание": "",
            "ОбъектВладелец": "",
            "ОбъектВладелец_Type": "StandardODATA.Undefined",
            "ВидКонтактногоЛица": "",
            "ПользовательЛичногоКонтакта_Key": "00000000-0000-0000-0000-000000000000",
            "Лид": false,
            "НекачественныйЛид": false,
            "Ответственный_Key": "00000000-0000-0000-0000-000000000000",
            "КонтактнаяИнформация": [],
            "ДополнительныеРеквизиты": [],
            "Predefined": false,
            "PredefinedDataName": ""
        },
        {
            "Ref_Key": "f2afe10c-6915-11ef-8e14-fa163eb4f3b4",
            "DataVersion": "AAAAAAAAAAA=",
            "DeletionMark": false,
            "Code": "00-000172",
            "Description": "Михнов, Генеральный Директор",
            "Фамилия": "Михнов",
            "Имя": "",
            "Отчество": "",
            "ДатаРождения": "0001-01-01T00:00:00",
            "Роль_Key": "00000000-0000-0000-0000-000000000000",
            "Должность": "Генеральный Директор",
            "Описание": "",
            "ОбъектВладелец": "",
            "ОбъектВладелец_Type": "StandardODATA.Undefined",
            "ВидКонтактногоЛица": "",
            "ПользовательЛичногоКонтакта_Key": "00000000-0000-0000-0000-000000000000",
            "Лид": false,
            "НекачественныйЛид": false,
            "Ответственный_Key": "00000000-0000-0000-0000-000000000000",
            "КонтактнаяИнформация": [],
            "ДополнительныеРеквизиты": [],
            "Predefined": false,
            "PredefinedDataName": ""
        },
        {
            "Ref_Key": "f41c57b4-6915-11ef-8e14-fa163eb4f3b4",
            "DataVersion": "AAAAAAAAAAA=",
            "DeletionMark": false,
            "Code": "00-000173",
            "Description": "Пироговский, Генеральный Директор",
            "Фамилия": "Пироговский",
            "Имя": "",
            "Отчество": "",
            "ДатаРождения": "0001-01-01T00:00:00",
            "Роль_Key": "00000000-0000-0000-0000-000000000000",
            "Должность": "Генеральный Директор",
            "Описание": "",
            "ОбъектВладелец": "f42be364-6915-11ef-8e14-fa163eb4f3b4",
            "ОбъектВладелец_Type": "StandardODATA.Catalog_Контрагенты",
            "ВидКонтактногоЛица": "",
            "ПользовательЛичногоКонтакта_Key": "00000000-0000-0000-0000-000000000000",
            "Лид": false,
            "НекачественныйЛид": false,
            "Ответственный_Key": "00000000-0000-0000-0000-000000000000",
            "КонтактнаяИнформация": [
                {
                    "Ref_Key": "f41c57b4-6915-11ef-8e14-fa163eb4f3b4",
                    "LineNumber": "1",
                    "Тип": "Телефон",
                    "Вид_Key": "9190a944-4bd1-11ef-a9f7-adf91a234dd1",
                    "Представление": "5454",
                    "ЗначенияПолей": "<КонтактнаяИнформация xmlns=\"http://www.v8.1c.ru/ssl/contactinfo\" xmlns:xs=\"http://www.w3.org/2001/XMLSchema\" xmlns:xsi=\"http://www.w3.org/2001/XMLSchema-instance\" Представление=\"5454\"><Состав xsi:type=\"НомерТелефона\" КодСтраны=\"\" КодГорода=\"\" Номер=\"5454\" Добавочный=\"\"/></КонтактнаяИнформация>",
                    "Страна": "",
                    "Регион": "",
                    "Город": "",
                    "АдресЭП": "",
                    "ДоменноеИмяСервера": "",
                    "НомерТелефона": "5454",
                    "НомерТелефонаБезКодов": "5454",
                    "ВидДляСписка_Key": "9190a944-4bd1-11ef-a9f7-adf91a234dd1",
                    "Значение": "{\n\"version\": 4,\n\"value\": \"5454\",\n\"type\": \"Телефон\",\n\"number\": \"5454\"\n}"
                },
                {
                    "Ref_Key": "f41c57b4-6915-11ef-8e14-fa163eb4f3b4",
                    "LineNumber": "2",
                    "Тип": "АдресЭлектроннойПочты",
                    "Вид_Key": "9190a941-4bd1-11ef-a9f7-adf91a234dd1",
                    "Представление": "tfug@lgh.gv",
                    "ЗначенияПолей": "<КонтактнаяИнформация xmlns=\"http://www.v8.1c.ru/ssl/contactinfo\" xmlns:xs=\"http://www.w3.org/2001/XMLSchema\" xmlns:xsi=\"http://www.w3.org/2001/XMLSchema-instance\" Представление=\"tfug@lgh.gv\"><Состав xsi:type=\"ЭлектроннаяПочта\" Значение=\"tfug@lgh.gv\"/></КонтактнаяИнформация>",
                    "Страна": "",
                    "Регион": "",
                    "Город": "",
                    "АдресЭП": "tfug@lgh.gv",
                    "ДоменноеИмяСервера": "lgh.gv",
                    "НомерТелефона": "",
                    "НомерТелефонаБезКодов": "",
                    "ВидДляСписка_Key": "9190a941-4bd1-11ef-a9f7-adf91a234dd1",
                    "Значение": "{\n\"version\": 4,\n\"value\": \"tfug@lgh.gv\",\n\"type\": \"АдресЭлектроннойПочты\"\n}"
                }
            ],
            "ДополнительныеРеквизиты": [],
            "Predefined": false,
            "PredefinedDataName": ""
        },
        {
            "Ref_Key": "e728a880-6917-11ef-8e14-fa163eb4f3b4",
            "DataVersion": "AAAAAAAAAAA=",
            "DeletionMark": false,
            "Code": "00-000174",
            "Description": "Михнов, Генеральный Директор",
            "Фамилия": "Михнов",
            "Имя": "",
            "Отчество": "",
            "ДатаРождения": "0001-01-01T00:00:00",
            "Роль_Key": "00000000-0000-0000-0000-000000000000",
            "Должность": "Генеральный Директор",
            "Описание": "",
            "ОбъектВладелец": "",
            "ОбъектВладелец_Type": "StandardODATA.Undefined",
            "ВидКонтактногоЛица": "",
            "ПользовательЛичногоКонтакта_Key": "00000000-0000-0000-0000-000000000000",
            "Лид": false,
            "НекачественныйЛид": false,
            "Ответственный_Key": "00000000-0000-0000-0000-000000000000",
            "КонтактнаяИнформация": [],
            "ДополнительныеРеквизиты": [],
            "Predefined": false,
            "PredefinedDataName": ""
        },
        {
            "Ref_Key": "fb0933ca-6209-11ef-8f80-fa163eb4f3b4",
            "DataVersion": "AAAAAAAAAAA=",
            "DeletionMark": false,
            "Code": "00-000014",
            "Description": "Плаксин, Начальник",
            "Фамилия": "Плаксин",
            "Имя": "",
            "Отчество": "",
            "ДатаРождения": "0001-01-01T00:00:00",
            "Роль_Key": "00000000-0000-0000-0000-000000000000",
            "Должность": "Начальник",
            "Описание": "",
            "ОбъектВладелец": "",
            "ОбъектВладелец_Type": "StandardODATA.Undefined",
            "ВидКонтактногоЛица": "",
            "ПользовательЛичногоКонтакта_Key": "00000000-0000-0000-0000-000000000000",
            "Лид": false,
            "НекачественныйЛид": false,
            "Ответственный_Key": "00000000-0000-0000-0000-000000000000",
            "КонтактнаяИнформация": [],
            "ДополнительныеРеквизиты": [],
            "Predefined": false,
            "PredefinedDataName": ""
        },
        {
            "Ref_Key": "0ad8f2a0-620e-11ef-8f80-fa163eb4f3b4",
            "DataVersion": "AAAAAAAAAAA=",
            "DeletionMark": false,
            "Code": "00-000026",
            "Description": "Чугунов Д.В.",
            "Фамилия": "Чугунов Д.В.",
            "Имя": "",
            "Отчество": "",
            "ДатаРождения": "0001-01-01T00:00:00",
            "Роль_Key": "00000000-0000-0000-0000-000000000000",
            "Должность": "",
            "Описание": "",
            "ОбъектВладелец": "",
            "ОбъектВладелец_Type": "StandardODATA.Undefined",
            "ВидКонтактногоЛица": "",
            "ПользовательЛичногоКонтакта_Key": "00000000-0000-0000-0000-000000000000",
            "Лид": false,
            "НекачественныйЛид": false,
            "Ответственный_Key": "00000000-0000-0000-0000-000000000000",
            "КонтактнаяИнформация": [],
            "ДополнительныеРеквизиты": [],
            "Predefined": false,
            "PredefinedDataName": ""
        },
        {
            "Ref_Key": "55c335c2-6219-11ef-8f80-fa163eb4f3b4",
            "DataVersion": "AAAAAAAAAAA=",
            "DeletionMark": false,
            "Code": "00-000029",
            "Description": "Марина",
            "Фамилия": "",
            "Имя": "",
            "Отчество": "",
            "ДатаРождения": "0001-01-01T00:00:00",
            "Роль_Key": "00000000-0000-0000-0000-000000000000",
            "Должность": "",
            "Описание": "",
            "ОбъектВладелец": "",
            "ОбъектВладелец_Type": "StandardODATA.Undefined",
            "ВидКонтактногоЛица": "",
            "ПользовательЛичногоКонтакта_Key": "00000000-0000-0000-0000-000000000000",
            "Лид": false,
            "НекачественныйЛид": false,
            "Ответственный_Key": "00000000-0000-0000-0000-000000000000",
            "КонтактнаяИнформация": [],
            "ДополнительныеРеквизиты": [],
            "Predefined": false,
            "PredefinedDataName": ""
        },
        {
            "Ref_Key": "a0153af0-621c-11ef-8f80-fa163eb4f3b4",
            "DataVersion": "AAAAAAAAAAA=",
            "DeletionMark": false,
            "Code": "00-000031",
            "Description": "Пироговский Андрей Анатольевич",
            "Фамилия": "",
            "Имя": "",
            "Отчество": "",
            "ДатаРождения": "0001-01-01T00:00:00",
            "Роль_Key": "00000000-0000-0000-0000-000000000000",
            "Должность": "Генеральный Директор",
            "Описание": "",
            "ОбъектВладелец": "",
            "ОбъектВладелец_Type": "StandardODATA.Undefined",
            "ВидКонтактногоЛица": "",
            "ПользовательЛичногоКонтакта_Key": "00000000-0000-0000-0000-000000000000",
            "Лид": false,
            "НекачественныйЛид": false,
            "Ответственный_Key": "00000000-0000-0000-0000-000000000000",
            "КонтактнаяИнформация": [],
            "ДополнительныеРеквизиты": [],
            "Predefined": false,
            "PredefinedDataName": ""
        },
        {
            "Ref_Key": "f2e28b18-622e-11ef-8f80-fa163eb4f3b4",
            "DataVersion": "AAAAAAAAAAA=",
            "DeletionMark": false,
            "Code": "00-000041",
            "Description": "Марина, Директор",
            "Фамилия": "Марина",
            "Имя": "",
            "Отчество": "",
            "ДатаРождения": "0001-01-01T00:00:00",
            "Роль_Key": "00000000-0000-0000-0000-000000000000",
            "Должность": "Директор",
            "Описание": "",
            "ОбъектВладелец": "",
            "ОбъектВладелец_Type": "StandardODATA.Undefined",
            "ВидКонтактногоЛица": "",
            "ПользовательЛичногоКонтакта_Key": "00000000-0000-0000-0000-000000000000",
            "Лид": false,
            "НекачественныйЛид": false,
            "Ответственный_Key": "00000000-0000-0000-0000-000000000000",
            "КонтактнаяИнформация": [],
            "ДополнительныеРеквизиты": [],
            "Predefined": false,
            "PredefinedDataName": ""
        },
        {
            "Ref_Key": "4bc91916-6385-11ef-8f80-fa163eb4f3b4",
            "DataVersion": "AAAAAAAAAAA=",
            "DeletionMark": false,
            "Code": "00-000047",
            "Description": "Нажметдинова Кудбидиновна",
            "Фамилия": "",
            "Имя": "",
            "Отчество": "",
            "ДатаРождения": "0001-01-01T00:00:00",
            "Роль_Key": "00000000-0000-0000-0000-000000000000",
            "Должность": "Генеральный Директор",
            "Описание": "",
            "ОбъектВладелец": "",
            "ОбъектВладелец_Type": "StandardODATA.Undefined",
            "ВидКонтактногоЛица": "",
            "ПользовательЛичногоКонтакта_Key": "00000000-0000-0000-0000-000000000000",
            "Лид": false,
            "НекачественныйЛид": false,
            "Ответственный_Key": "00000000-0000-0000-0000-000000000000",
            "КонтактнаяИнформация": [],
            "ДополнительныеРеквизиты": [],
            "Predefined": false,
            "PredefinedDataName": ""
        },
        {
            "Ref_Key": "57c240b4-63a1-11ef-8f80-fa163eb4f3b4",
            "DataVersion": "AAAAAAAAAAA=",
            "DeletionMark": false,
            "Code": "00-000061",
            "Description": "Михнов Сергей Александрович",
            "Фамилия": "",
            "Имя": "",
            "Отчество": "",
            "ДатаРождения": "0001-01-01T00:00:00",
            "Роль_Key": "00000000-0000-0000-0000-000000000000",
            "Должность": "Генеральный Директор",
            "Описание": "",
            "ОбъектВладелец": "",
            "ОбъектВладелец_Type": "StandardODATA.Undefined",
            "ВидКонтактногоЛица": "",
            "ПользовательЛичногоКонтакта_Key": "00000000-0000-0000-0000-000000000000",
            "Лид": false,
            "НекачественныйЛид": false,
            "Ответственный_Key": "00000000-0000-0000-0000-000000000000",
            "КонтактнаяИнформация": [],
            "ДополнительныеРеквизиты": [],
            "Predefined": false,
            "PredefinedDataName": ""
        },
        {
            "Ref_Key": "e83fa02e-63a5-11ef-8f80-fa163eb4f3b4",
            "DataVersion": "AAAAAAAAAAA=",
            "DeletionMark": false,
            "Code": "00-000068",
            "Description": "Нажметдинова Марина ",
            "Фамилия": "Нажметдинова",
            "Имя": "Марина",
            "Отчество": "",
            "ДатаРождения": "0001-01-01T00:00:00",
            "Роль_Key": "00000000-0000-0000-0000-000000000000",
            "Должность": "Генеральный Директор",
            "Описание": "",
            "ОбъектВладелец": "ba0cfdbc-614a-11ef-8f80-fa163eb4f3b4",
            "ОбъектВладелец_Type": "StandardODATA.Catalog_Пользователи",
            "ВидКонтактногоЛица": "ЛичныйКонтакт",
            "ПользовательЛичногоКонтакта_Key": "ba0cfdbc-614a-11ef-8f80-fa163eb4f3b4",
            "Лид": false,
            "НекачественныйЛид": false,
            "Ответственный_Key": "00000000-0000-0000-0000-000000000000",
            "КонтактнаяИнформация": [],
            "ДополнительныеРеквизиты": [],
            "Predefined": false,
            "PredefinedDataName": "",
            "ПользовательЛичногоКонтакта@navigationLinkUrl": "Catalog_КонтактныеЛица(guid'e83fa02e-63a5-11ef-8f80-fa163eb4f3b4')/ПользовательЛичногоКонтакта"
        },
        {
            "Ref_Key": "8b0243bc-63aa-11ef-8f80-fa163eb4f3b4",
            "DataVersion": "AAAAAAAAAAA=",
            "DeletionMark": false,
            "Code": "00-000076",
            "Description": "РКЫцифи",
            "Фамилия": "",
            "Имя": "",
            "Отчество": "",
            "ДатаРождения": "0001-01-01T00:00:00",
            "Роль_Key": "00000000-0000-0000-0000-000000000000",
            "Должность": "",
            "Описание": "",
            "ОбъектВладелец": "",
            "ОбъектВладелец_Type": "StandardODATA.Undefined",
            "ВидКонтактногоЛица": "",
            "ПользовательЛичногоКонтакта_Key": "00000000-0000-0000-0000-000000000000",
            "Лид": false,
            "НекачественныйЛид": false,
            "Ответственный_Key": "00000000-0000-0000-0000-000000000000",
            "КонтактнаяИнформация": [],
            "ДополнительныеРеквизиты": [],
            "Predefined": false,
            "PredefinedDataName": ""
        }
    ]
}