{
    "odata.metadata": "https://1cfresh.com:443/a/ea/3042735/ru/odata/standard.odata/$metadata#Catalog_Контрагенты",
    "value": [
        {
            "Ref_Key": "91c61974-6843-11ef-8e14-fa163eb4f3b4",
            "DataVersion": "AAAAAAAAAAA=",
            "DeletionMark": false,
            "Parent_Key": "7f5cb650-639b-11ef-8f80-fa163eb4f3b4",
            "IsFolder": false,
            "Code": "00-000015",
            "Description": "ПУСК ООО",
            "НаименованиеПолное": "ООО \"ПУСК\"",
            "ОбособленноеПодразделение": false,
            "ЮридическоеФизическоеЛицо": "ЮридическоеЛицо",
            "СтранаРегистрации_Key": "9190a93f-4bd1-11ef-a9f7-adf91a234dd1",
            "ГоловнойКонтрагент_Key": "91c61974-6843-11ef-8e14-fa163eb4f3b4",
            "ИНН": "4025440258",
            "КПП": "402501001",
            "КодПоОКПО": "",
            "ДокументУдостоверяющийЛичность": "",
            "ОсновнойБанковскийСчет_Key": "00000000-0000-0000-0000-000000000000",
            "УдалитьОсновнойДоговорКонтрагента_Key": "00000000-0000-0000-0000-000000000000",
            "ОсновноеКонтактноеЛицо_Key": "91a986d8-6843-11ef-8e14-fa163eb4f3b4",
            "Комментарий": "",
            "ДополнительнаяИнформация": "",
            "УдалитьЮрФизЛицо": "ЮрЛицо",
            "ИННВведенКорректно": true,
            "КППВведенКорректно": true,
            "РасширенноеПредставлениеИНН": "4025440258\n",
            "РасширенноеПредставлениеКПП": "402501001\n",
            "НалоговыйНомер": "",
            "РегистрационныйНомер": "1144025002681",
            "ГосударственныйОрган": false,
            "ВидГосударственногоОргана": "",
            "КодГосударственногоОргана": "",
            "СвидетельствоСерияНомер": "",
            "СвидетельствоДатаВыдачи": "0001-01-01T00:00:00",
            "ДатаРегистрации": "2014-07-02T00:00:00",
            "ДатаСоздания": "2024-09-01T00:00:00",
            "Самозанятый": false,
            "ИндивидуальныйПредприниматель": false,
            "НаименованиеНерезидентаРус": "",
            "Ответственный_Key": "00000000-0000-0000-0000-000000000000",
            "КонтактнаяИнформация": [
                {
                    "Ref_Key": "91c61974-6843-11ef-8e14-fa163eb4f3b4",
                    "LineNumber": "1",
                    "Тип": "Адрес",
                    "Вид_Key": "9190a94d-4bd1-11ef-a9f7-adf91a234dd1",
                    "Представление": "249039, Калужская область, г.о. Город Обнинск, г Обнинск, ул Университетская, дом 2, офис 419",
                    "ЗначенияПолей": "<КонтактнаяИнформация xmlns=\"http://www.v8.1c.ru/ssl/contactinfo\" xmlns:xs=\"http://www.w3.org/2001/XMLSchema\" xmlns:xsi=\"http://www.w3.org/2001/XMLSchema-instance\" Представление=\"249039, Калужская область, г.о. Город Обнинск, г Обнинск, ул Университетская, дом 2, офис 419\"><Состав xsi:type=\"Адрес\" Страна=\"Россия\"><Состав xsi:type=\"АдресРФ\"><СубъектРФ>Калужская обл</СубъектРФ><НаселПункт>Обнинск г</НаселПункт><Улица>Университетская ул</Улица><ДопАдрЭл ТипАдрЭл=\"10100000\" Значение=\"249039\"/><ДопАдрЭл><Номер Тип=\"1010\" Значение=\"2\"/></ДопАдрЭл><ДопАдрЭл><Номер Тип=\"2030\" Значение=\"419\"/></ДопАдрЭл></Состав></Состав></КонтактнаяИнформация>",
                    "Страна": "Россия",
                    "Регион": "Калужская обл",
                    "Город": "",
                    "АдресЭП": "",
                    "ДоменноеИмяСервера": "",
                    "НомерТелефона": "",
                    "НомерТелефонаБезКодов": "",
                    "ВидДляСписка_Key": "9190a94d-4bd1-11ef-a9f7-adf91a234dd1",
                    "Значение": "{\n\"version\": 4,\n\"value\": \"249039, Калужская область, г.о. Город Обнинск, г Обнинск, ул Университетская, дом 2, офис 419\",\n\"type\": \"Адрес\",\n\"country\": \"Россия\",\n\"addressType\": \"Муниципальный\",\n\"ZIPcode\": \"249039\",\n\"area\": \"Калужская\",\n\"areaType\": \"обл\",\n\"street\": \"Университетская\",\n\"streetType\": \"ул\",\n\"areaCode\": \"40\",\n\"munDistrict\": \"Город Обнинск\",\n\"munDistrictType\": \"г.о.\",\n\"locality\": \"Обнинск\",\n\"localityType\": \"г\",\n\"houseType\": \"Дом\",\n\"houseNumber\": \"2\",\n\"apartments\": [\n{\n\"type\": \"Офис\",\n\"number\": \"419\"\n}\n]\n}"
                },
                {
                    "Ref_Key": "91c61974-6843-11ef-8e14-fa163eb4f3b4",
                    "LineNumber": "2",
                    "Тип": "Адрес",
                    "Вид_Key": "9190a94c-4bd1-11ef-a9f7-adf91a234dd1",
                    "Представление": "249039, Калужская область, г.о. Город Обнинск, г Обнинск, ул Университетская, дом 2, офис 419",
                    "ЗначенияПолей": "<КонтактнаяИнформация xmlns=\"http://www.v8.1c.ru/ssl/contactinfo\" xmlns:xs=\"http://www.w3.org/2001/XMLSchema\" xmlns:xsi=\"http://www.w3.org/2001/XMLSchema-instance\" Представление=\"249039, Калужская область, г.о. Город Обнинск, г Обнинск, ул Университетская, дом 2, офис 419\"><Состав xsi:type=\"Адрес\" Страна=\"Россия\"><Состав xsi:type=\"АдресРФ\"><СубъектРФ>Калужская обл</СубъектРФ><НаселПункт>Обнинск г</НаселПункт><Улица>Университетская ул</Улица><ДопАдрЭл ТипАдрЭл=\"10100000\" Значение=\"249039\"/><ДопАдрЭл><Номер Тип=\"1010\" Значение=\"2\"/></ДопАдрЭл><ДопАдрЭл><Номер Тип=\"2030\" Значение=\"419\"/></ДопАдрЭл></Состав></Состав></КонтактнаяИнформация>",
                    "Страна": "Россия",
                    "Регион": "Калужская обл",
                    "Город": "",
                    "АдресЭП": "",
                    "ДоменноеИмяСервера": "",
                    "НомерТелефона": "",
                    "НомерТелефонаБезКодов": "",
                    "ВидДляСписка_Key": "9190a94c-4bd1-11ef-a9f7-adf91a234dd1",
                    "Значение": "{\n\"version\": 4,\n\"value\": \"249039, Калужская область, г.о. Город Обнинск, г Обнинск, ул Университетская, дом 2, офис 419\",\n\"type\": \"Адрес\",\n\"country\": \"Россия\",\n\"addressType\": \"Муниципальный\",\n\"ZIPcode\": \"249039\",\n\"area\": \"Калужская\",\n\"areaType\": \"обл\",\n\"street\": \"Университетская\",\n\"streetType\": \"ул\",\n\"areaCode\": \"40\",\n\"munDistrict\": \"Город Обнинск\",\n\"munDistrictType\": \"г.о.\",\n\"locality\": \"Обнинск\",\n\"localityType\": \"г\",\n\"houseType\": \"Дом\",\n\"houseNumber\": \"2\",\n\"apartments\": [\n{\n\"type\": \"Офис\",\n\"number\": \"419\"\n}\n]\n}"
                },
                {
                    "Ref_Key": "91c61974-6843-11ef-8e14-fa163eb4f3b4",
                    "LineNumber": "3",
                    "Тип": "Адрес",
                    "Вид_Key": "9190a949-4bd1-11ef-a9f7-adf91a234dd1",
                    "Представление": "249039, Калужская область, г.о. Город Обнинск, г Обнинск, ул Университетская, дом 2, офис 419",
                    "ЗначенияПолей": "<КонтактнаяИнформация xmlns=\"http://www.v8.1c.ru/ssl/contactinfo\" xmlns:xs=\"http://www.w3.org/2001/XMLSchema\" xmlns:xsi=\"http://www.w3.org/2001/XMLSchema-instance\" Представление=\"249039, Калужская область, г.о. Город Обнинск, г Обнинск, ул Университетская, дом 2, офис 419\"><Состав xsi:type=\"Адрес\" Страна=\"Россия\"><Состав xsi:type=\"АдресРФ\"><СубъектРФ>Калужская обл</СубъектРФ><НаселПункт>Обнинск г</НаселПункт><Улица>Университетская ул</Улица><ДопАдрЭл ТипАдрЭл=\"10100000\" Значение=\"249039\"/><ДопАдрЭл><Номер Тип=\"1010\" Значение=\"2\"/></ДопАдрЭл><ДопАдрЭл><Номер Тип=\"2030\" Значение=\"419\"/></ДопАдрЭл></Состав></Состав></КонтактнаяИнформация>",
                    "Страна": "Россия",
                    "Регион": "Калужская обл",
                    "Город": "",
                    "АдресЭП": "",
                    "ДоменноеИмяСервера": "",
                    "НомерТелефона": "",
                    "НомерТелефонаБезКодов": "",
                    "ВидДляСписка_Key": "9190a949-4bd1-11ef-a9f7-adf91a234dd1",
                    "Значение": "{\n\"version\": 4,\n\"value\": \"249039, Калужская область, г.о. Город Обнинск, г Обнинск, ул Университетская, дом 2, офис 419\",\n\"type\": \"Адрес\",\n\"country\": \"Россия\",\n\"addressType\": \"Муниципальный\",\n\"ZIPcode\": \"249039\",\n\"area\": \"Калужская\",\n\"areaType\": \"обл\",\n\"street\": \"Университетская\",\n\"streetType\": \"ул\",\n\"areaCode\": \"40\",\n\"munDistrict\": \"Город Обнинск\",\n\"munDistrictType\": \"г.о.\",\n\"locality\": \"Обнинск\",\n\"localityType\": \"г\",\n\"houseType\": \"Дом\",\n\"houseNumber\": \"2\",\n\"apartments\": [\n{\n\"type\": \"Офис\",\n\"number\": \"419\"\n}\n]\n}"
                },
                {
                    "Ref_Key": "91c61974-6843-11ef-8e14-fa163eb4f3b4",
                    "LineNumber": "4",
                    "Тип": "Телефон",
                    "Вид_Key": "9190a94a-4bd1-11ef-a9f7-adf91a234dd1",
                    "Представление": "54151515",
                    "ЗначенияПолей": "<КонтактнаяИнформация xmlns=\"http://www.v8.1c.ru/ssl/contactinfo\" xmlns:xs=\"http://www.w3.org/2001/XMLSchema\" xmlns:xsi=\"http://www.w3.org/2001/XMLSchema-instance\" Представление=\"54151515\"><Состав xsi:type=\"НомерТелефона\" КодСтраны=\"\" КодГорода=\"\" Номер=\"54151515\" Добавочный=\"\"/></КонтактнаяИнформация>",
                    "Страна": "",
                    "Регион": "",
                    "Город": "",
                    "АдресЭП": "",
                    "ДоменноеИмяСервера": "",
                    "НомерТелефона": "54151515",
                    "НомерТелефонаБезКодов": "54151515",
                    "ВидДляСписка_Key": "9190a94a-4bd1-11ef-a9f7-adf91a234dd1",
                    "Значение": "{\n\"version\": 4,\n\"value\": \"54151515\",\n\"type\": \"Телефон\",\n\"number\": \"54151515\"\n}"
                },
                {
                    "Ref_Key": "91c61974-6843-11ef-8e14-fa163eb4f3b4",
                    "LineNumber": "5",
                    "Тип": "АдресЭлектроннойПочты",
                    "Вид_Key": "9190a947-4bd1-11ef-a9f7-adf91a234dd1",
                    "Представление": "hvjbchjsdvb@gcvhv.fv",
                    "ЗначенияПолей": "<КонтактнаяИнформация xmlns=\"http://www.v8.1c.ru/ssl/contactinfo\" xmlns:xs=\"http://www.w3.org/2001/XMLSchema\" xmlns:xsi=\"http://www.w3.org/2001/XMLSchema-instance\" Представление=\"hvjbchjsdvb@gcvhv.fv\"><Состав xsi:type=\"ЭлектроннаяПочта\" Значение=\"hvjbchjsdvb@gcvhv.fv\"/></КонтактнаяИнформация>",
                    "Страна": "",
                    "Регион": "",
                    "Город": "",
                    "АдресЭП": "hvjbchjsdvb@gcvhv.fv",
                    "ДоменноеИмяСервера": "gcvhv.fv",
                    "НомерТелефона": "",
                    "НомерТелефонаБезКодов": "",
                    "ВидДляСписка_Key": "9190a947-4bd1-11ef-a9f7-adf91a234dd1",
                    "Значение": "{\n\"version\": 4,\n\"value\": \"hvjbchjsdvb@gcvhv.fv\",\n\"type\": \"АдресЭлектроннойПочты\"\n}"
                }
            ],
            "ДополнительныеРеквизиты": [],
            "ИсторияКПП": [],
            "ИсторияНаименований": [],
            "ИсторияКонтактнойИнформации": [
                {
                    "Ref_Key": "91c61974-6843-11ef-8e14-fa163eb4f3b4",
                    "LineNumber": "1",
                    "Период": "0001-01-01T00:00:00",
                    "Вид_Key": "9190a94d-4bd1-11ef-a9f7-adf91a234dd1",
                    "Представление": "249032, Калужская область, г Обнинск, ш Киевское, дом 59, 4.32",
                    "ЗначенияПолей": "<КонтактнаяИнформация xmlns=\"http://www.v8.1c.ru/ssl/contactinfo\" xmlns:xs=\"http://www.w3.org/2001/XMLSchema\" xmlns:xsi=\"http://www.w3.org/2001/XMLSchema-instance\" Представление=\"249032, Калужская область, г Обнинск, ш Киевское, дом 59, 4.32\"><Состав xsi:type=\"Адрес\" Страна=\"Россия\"><Состав xsi:type=\"АдресРФ\"><СубъектРФ>Калужская обл</СубъектРФ><Город>Обнинск г</Город><Улица>Киевское ш</Улица><ДопАдрЭл ТипАдрЭл=\"10100000\" Значение=\"249032\"/><ДопАдрЭл><Номер Тип=\"1010\" Значение=\"59\"/></ДопАдрЭл><ДопАдрЭл><Номер Тип=\"2010\" Значение=\"4.32\"/></ДопАдрЭл></Состав></Состав></КонтактнаяИнформация>",
                    "Значение": "{\n\"version\": 4,\n\"value\": \"249032, Калужская область, г Обнинск, ш Киевское, дом 59, 4.32\",\n\"type\": \"Адрес\",\n\"country\": \"Россия\",\n\"addressType\": \"Административно-территориальный\",\n\"ZIPcode\": \"249032\",\n\"area\": \"Калужская\",\n\"areaType\": \"обл\",\n\"city\": \"Обнинск\",\n\"cityType\": \"г\",\n\"street\": \"Киевское\",\n\"streetType\": \"ш\",\n\"areaCode\": \"40\",\n\"houseType\": \"Дом\",\n\"houseNumber\": \"59\",\n\"apartments\": [\n{\n\"type\": \"Другое\",\n\"number\": \"4.32\"\n}\n]\n}"
                },
                {
                    "Ref_Key": "91c61974-6843-11ef-8e14-fa163eb4f3b4",
                    "LineNumber": "2",
                    "Период": "2017-09-01T00:00:00",
                    "Вид_Key": "9190a94d-4bd1-11ef-a9f7-adf91a234dd1",
                    "Представление": "249039, Калужская область, г Обнинск, ул Калужская, дом 4, офис 2",
                    "ЗначенияПолей": "<КонтактнаяИнформация xmlns=\"http://www.v8.1c.ru/ssl/contactinfo\" xmlns:xs=\"http://www.w3.org/2001/XMLSchema\" xmlns:xsi=\"http://www.w3.org/2001/XMLSchema-instance\" Представление=\"249039, Калужская область, г Обнинск, ул Калужская, дом 4, офис 2\"><Состав xsi:type=\"Адрес\" Страна=\"Россия\"><Состав xsi:type=\"АдресРФ\"><СубъектРФ>Калужская обл</СубъектРФ><Город>Обнинск г</Город><Улица>Калужская ул</Улица><ДопАдрЭл ТипАдрЭл=\"10100000\" Значение=\"249039\"/><ДопАдрЭл><Номер Тип=\"1010\" Значение=\"4\"/></ДопАдрЭл><ДопАдрЭл><Номер Тип=\"2030\" Значение=\"2\"/></ДопАдрЭл></Состав></Состав></КонтактнаяИнформация>",
                    "Значение": "{\n\"version\": 4,\n\"value\": \"249039, Калужская область, г Обнинск, ул Калужская, дом 4, офис 2\",\n\"type\": \"Адрес\",\n\"country\": \"Россия\",\n\"addressType\": \"Административно-территориальный\",\n\"ZIPcode\": \"249039\",\n\"area\": \"Калужская\",\n\"areaType\": \"обл\",\n\"city\": \"Обнинск\",\n\"cityType\": \"г\",\n\"street\": \"Калужская\",\n\"streetType\": \"ул\",\n\"areaCode\": \"40\",\n\"houseType\": \"Дом\",\n\"houseNumber\": \"4\",\n\"apartments\": [\n{\n\"type\": \"Офис\",\n\"number\": \"2\"\n}\n]\n}"
                },
                {
                    "Ref_Key": "91c61974-6843-11ef-8e14-fa163eb4f3b4",
                    "LineNumber": "3",
                    "Период": "2017-11-09T00:00:00",
                    "Вид_Key": "9190a94d-4bd1-11ef-a9f7-adf91a234dd1",
                    "Представление": "Калужская область, г Обнинск, пр-кт Маркса, дом 30, корпус ЭТАЖ 3, помещение 3",
                    "ЗначенияПолей": "<КонтактнаяИнформация xmlns=\"http://www.v8.1c.ru/ssl/contactinfo\" xmlns:xs=\"http://www.w3.org/2001/XMLSchema\" xmlns:xsi=\"http://www.w3.org/2001/XMLSchema-instance\" Представление=\"Калужская область, г Обнинск, пр-кт Маркса, дом 30, корпус ЭТАЖ 3, помещение 3\"><Состав xsi:type=\"Адрес\" Страна=\"Россия\"><Состав xsi:type=\"АдресРФ\"><СубъектРФ>Калужская обл</СубъектРФ><Город>Обнинск г</Город><Улица>Маркса пр-кт</Улица><ДопАдрЭл><Номер Тип=\"1010\" Значение=\"30\"/></ДопАдрЭл><ДопАдрЭл><Номер Тип=\"1014\" Значение=\"ЭТАЖ 3\"/></ДопАдрЭл><ДопАдрЭл><Номер Тип=\"2020\" Значение=\"3\"/></ДопАдрЭл></Состав></Состав></КонтактнаяИнформация>",
                    "Значение": "{\n\"version\": 4,\n\"value\": \"Калужская область, г Обнинск, пр-кт Маркса, дом 30, корпус ЭТАЖ 3, помещение 3\",\n\"type\": \"Адрес\",\n\"country\": \"Россия\",\n\"addressType\": \"Административно-территориальный\",\n\"area\": \"Калужская\",\n\"areaType\": \"обл\",\n\"city\": \"Обнинск\",\n\"cityType\": \"г\",\n\"street\": \"Маркса\",\n\"streetType\": \"пр-кт\",\n\"areaCode\": \"40\",\n\"houseType\": \"Дом\",\n\"houseNumber\": \"30\",\n\"buildings\": [\n{\n\"type\": \"Корпус\",\n\"number\": \"ЭТАЖ 3\"\n}\n],\n\"apartments\": [\n{\n\"type\": \"Помещение\",\n\"number\": \"3\"\n}\n]\n}"
                },
                {
                    "Ref_Key": "91c61974-6843-11ef-8e14-fa163eb4f3b4",
                    "LineNumber": "4",
                    "Период": "2019-02-08T00:00:00",
                    "Вид_Key": "9190a94d-4bd1-11ef-a9f7-adf91a234dd1",
                    "Представление": "249038, Калужская область, г Обнинск, ул Цветкова, дом 2, офис 412",
                    "ЗначенияПолей": "<КонтактнаяИнформация xmlns=\"http://www.v8.1c.ru/ssl/contactinfo\" xmlns:xs=\"http://www.w3.org/2001/XMLSchema\" xmlns:xsi=\"http://www.w3.org/2001/XMLSchema-instance\" Представление=\"249038, Калужская область, г Обнинск, ул Цветкова, дом 2, офис 412\"><Состав xsi:type=\"Адрес\" Страна=\"Россия\"><Состав xsi:type=\"АдресРФ\"><СубъектРФ>Калужская обл</СубъектРФ><Город>Обнинск г</Город><Улица>Цветкова ул</Улица><ДопАдрЭл ТипАдрЭл=\"10100000\" Значение=\"249038\"/><ДопАдрЭл><Номер Тип=\"1010\" Значение=\"2\"/></ДопАдрЭл><ДопАдрЭл><Номер Тип=\"2030\" Значение=\"412\"/></ДопАдрЭл></Состав></Состав></КонтактнаяИнформация>",
                    "Значение": "{\n\"version\": 4,\n\"value\": \"249038, Калужская область, г Обнинск, ул Цветкова, дом 2, офис 412\",\n\"type\": \"Адрес\",\n\"country\": \"Россия\",\n\"addressType\": \"Административно-территориальный\",\n\"ZIPcode\": \"249038\",\n\"area\": \"Калужская\",\n\"areaType\": \"обл\",\n\"city\": \"Обнинск\",\n\"cityType\": \"г\",\n\"street\": \"Цветкова\",\n\"streetType\": \"ул\",\n\"areaCode\": \"40\",\n\"houseType\": \"Дом\",\n\"houseNumber\": \"2\",\n\"apartments\": [\n{\n\"type\": \"Офис\",\n\"number\": \"412\"\n}\n]\n}"
                },
                {
                    "Ref_Key": "91c61974-6843-11ef-8e14-fa163eb4f3b4",
                    "LineNumber": "5",
                    "Период": "2020-11-19T00:00:00",
                    "Вид_Key": "9190a94d-4bd1-11ef-a9f7-adf91a234dd1",
                    "Представление": "249032, Калужская область, г Обнинск, ул Энгельса, дом 11, квартира 106",
                    "ЗначенияПолей": "<КонтактнаяИнформация xmlns=\"http://www.v8.1c.ru/ssl/contactinfo\" xmlns:xs=\"http://www.w3.org/2001/XMLSchema\" xmlns:xsi=\"http://www.w3.org/2001/XMLSchema-instance\" Представление=\"249032, Калужская область, г Обнинск, ул Энгельса, дом 11, квартира 106\"><Состав xsi:type=\"Адрес\" Страна=\"Россия\"><Состав xsi:type=\"АдресРФ\"><СубъектРФ>Калужская обл</СубъектРФ><Город>Обнинск г</Город><Улица>Энгельса ул</Улица><ДопАдрЭл ТипАдрЭл=\"10100000\" Значение=\"249032\"/><ДопАдрЭл><Номер Тип=\"1010\" Значение=\"11\"/></ДопАдрЭл><ДопАдрЭл><Номер Тип=\"2010\" Значение=\"106\"/></ДопАдрЭл></Состав></Состав></КонтактнаяИнформация>",
                    "Значение": "{\n\"version\": 4,\n\"value\": \"249032, Калужская область, г Обнинск, ул Энгельса, дом 11, квартира 106\",\n\"type\": \"Адрес\",\n\"country\": \"Россия\",\n\"addressType\": \"Административно-территориальный\",\n\"ZIPcode\": \"249032\",\n\"area\": \"Калужская\",\n\"areaType\": \"обл\",\n\"city\": \"Обнинск\",\n\"cityType\": \"г\",\n\"street\": \"Энгельса\",\n\"streetType\": \"ул\",\n\"areaCode\": \"40\",\n\"houseType\": \"Дом\",\n\"houseNumber\": \"11\",\n\"apartments\": [\n{\n\"type\": \"Квартира\",\n\"number\": \"106\"\n}\n]\n}"
                },
                {
                    "Ref_Key": "91c61974-6843-11ef-8e14-fa163eb4f3b4",
                    "LineNumber": "6",
                    "Период": "2021-04-30T00:00:00",
                    "Вид_Key": "9190a94d-4bd1-11ef-a9f7-adf91a234dd1",
                    "Представление": "249039, Калужская область, г.о. Город Обнинск, г Обнинск, ул Университетская, дом 2, офис 419",
                    "ЗначенияПолей": "<КонтактнаяИнформация xmlns=\"http://www.v8.1c.ru/ssl/contactinfo\" xmlns:xs=\"http://www.w3.org/2001/XMLSchema\" xmlns:xsi=\"http://www.w3.org/2001/XMLSchema-instance\" Представление=\"249039, Калужская область, г.о. Город Обнинск, г Обнинск, ул Университетская, дом 2, офис 419\"><Состав xsi:type=\"Адрес\" Страна=\"Россия\"><Состав xsi:type=\"АдресРФ\"><СубъектРФ>Калужская обл</СубъектРФ><НаселПункт>Обнинск г</НаселПункт><Улица>Университетская ул</Улица><ДопАдрЭл ТипАдрЭл=\"10100000\" Значение=\"249039\"/><ДопАдрЭл><Номер Тип=\"1010\" Значение=\"2\"/></ДопАдрЭл><ДопАдрЭл><Номер Тип=\"2030\" Значение=\"419\"/></ДопАдрЭл></Состав></Состав></КонтактнаяИнформация>",
                    "Значение": "{\n\"version\": 4,\n\"value\": \"249039, Калужская область, г.о. Город Обнинск, г Обнинск, ул Университетская, дом 2, офис 419\",\n\"type\": \"Адрес\",\n\"country\": \"Россия\",\n\"addressType\": \"Муниципальный\",\n\"ZIPcode\": \"249039\",\n\"area\": \"Калужская\",\n\"areaType\": \"обл\",\n\"street\": \"Университетская\",\n\"streetType\": \"ул\",\n\"areaCode\": \"40\",\n\"munDistrict\": \"Город Обнинск\",\n\"munDistrictType\": \"г.о.\",\n\"locality\": \"Обнинск\",\n\"localityType\": \"г\",\n\"houseType\": \"Дом\",\n\"houseNumber\": \"2\",\n\"apartments\": [\n{\n\"type\": \"Офис\",\n\"number\": \"419\"\n}\n]\n}"
                }
            ],
            "Predefined": false,
            "PredefinedDataName": "",
            "Parent@navigationLinkUrl": "Catalog_Контрагенты(guid'91c61974-6843-11ef-8e14-fa163eb4f3b4')/Parent",
            "СтранаРегистрации@navigationLinkUrl": "Catalog_Контрагенты(guid'91c61974-6843-11ef-8e14-fa163eb4f3b4')/СтранаРегистрации",
            "ГоловнойКонтрагент@navigationLinkUrl": "Catalog_Контрагенты(guid'91c61974-6843-11ef-8e14-fa163eb4f3b4')/ГоловнойКонтрагент",
            "ОсновноеКонтактноеЛицо@navigationLinkUrl": "Catalog_Контрагенты(guid'91c61974-6843-11ef-8e14-fa163eb4f3b4')/ОсновноеКонтактноеЛицо"
        },
        {
            "Ref_Key": "f42be364-6915-11ef-8e14-fa163eb4f3b4",
            "DataVersion": "AAAAAAAAAAA=",
            "DeletionMark": false,
            "Parent_Key": "7abc200e-639b-11ef-8f80-fa163eb4f3b4",
            "IsFolder": false,
            "Code": "00-000017",
            "Description": "ООО БСМ ТЕХНОЛОДЖИС",
            "НаименованиеПолное": "ООО БСМ ТЕХНОЛОДЖИС",
            "ОбособленноеПодразделение": false,
            "ЮридическоеФизическоеЛицо": "ЮридическоеЛицо",
            "СтранаРегистрации_Key": "9190a93f-4bd1-11ef-a9f7-adf91a234dd1",
            "ГоловнойКонтрагент_Key": "f42be364-6915-11ef-8e14-fa163eb4f3b4",
            "ИНН": "9701161958",
            "КПП": "772201001",
            "КодПоОКПО": "",
            "ДокументУдостоверяющийЛичность": "",
            "ОсновнойБанковскийСчет_Key": "00000000-0000-0000-0000-000000000000",
            "УдалитьОсновнойДоговорКонтрагента_Key": "00000000-0000-0000-0000-000000000000",
            "ОсновноеКонтактноеЛицо_Key": "f41c57b4-6915-11ef-8e14-fa163eb4f3b4",
            "Комментарий": "",
            "ДополнительнаяИнформация": "",
            "УдалитьЮрФизЛицо": "ЮрЛицо",
            "ИННВведенКорректно": true,
            "КППВведенКорректно": true,
            "РасширенноеПредставлениеИНН": "7720714080\n",
            "РасширенноеПредставлениеКПП": "772201001\n",
            "НалоговыйНомер": "",
            "РегистрационныйНомер": "1117746252777",
            "ГосударственныйОрган": false,
            "ВидГосударственногоОргана": "",
            "КодГосударственногоОргана": "",
            "СвидетельствоСерияНомер": "",
            "СвидетельствоДатаВыдачи": "0001-01-01T00:00:00",
            "ДатаРегистрации": "0001-01-01T00:00:00",
            "ДатаСоздания": "2024-09-02T00:00:00",
            "Самозанятый": false,
            "ИндивидуальныйПредприниматель": false,
            "НаименованиеНерезидентаРус": "",
            "Ответственный_Key": "00000000-0000-0000-0000-000000000000",
            "КонтактнаяИнформация": [
                {
                    "Ref_Key": "f42be364-6915-11ef-8e14-fa163eb4f3b4",
                    "LineNumber": "1",
                    "Тип": "Телефон",
                    "Вид_Key": "9190a94a-4bd1-11ef-a9f7-adf91a234dd1",
                    "Представление": "64654",
                    "ЗначенияПолей": "<КонтактнаяИнформация xmlns=\"http://www.v8.1c.ru/ssl/contactinfo\" xmlns:xs=\"http://www.w3.org/2001/XMLSchema\" xmlns:xsi=\"http://www.w3.org/2001/XMLSchema-instance\" Представление=\"64654\"><Состав xsi:type=\"НомерТелефона\" КодСтраны=\"\" КодГорода=\"\" Номер=\"64654\" Добавочный=\"\"/></КонтактнаяИнформация>",
                    "Страна": "",
                    "Регион": "",
                    "Город": "",
                    "АдресЭП": "",
                    "ДоменноеИмяСервера": "",
                    "НомерТелефона": "64654",
                    "НомерТелефонаБезКодов": "64654",
                    "ВидДляСписка_Key": "9190a94a-4bd1-11ef-a9f7-adf91a234dd1",
                    "Значение": "{\n\"version\": 4,\n\"value\": \"64654\",\n\"type\": \"Телефон\",\n\"number\": \"64654\"\n}"
                },
                {
                    "Ref_Key": "f42be364-6915-11ef-8e14-fa163eb4f3b4",
                    "LineNumber": "2",
                    "Тип": "АдресЭлектроннойПочты",
                    "Вид_Key": "9190a947-4bd1-11ef-a9f7-adf91a234dd1",
                    "Представление": "gsvghsjgcv@yhgj.hg",
                    "ЗначенияПолей": "<КонтактнаяИнформация xmlns=\"http://www.v8.1c.ru/ssl/contactinfo\" xmlns:xs=\"http://www.w3.org/2001/XMLSchema\" xmlns:xsi=\"http://www.w3.org/2001/XMLSchema-instance\" Представление=\"gsvghsjgcv@yhgj.hg\"><Состав xsi:type=\"ЭлектроннаяПочта\" Значение=\"gsvghsjgcv@yhgj.hg\"/></КонтактнаяИнформация>",
                    "Страна": "",
                    "Регион": "",
                    "Город": "",
                    "АдресЭП": "gsvghsjgcv@yhgj.hg",
                    "ДоменноеИмяСервера": "yhgj.hg",
                    "НомерТелефона": "",
                    "НомерТелефонаБезКодов": "",
                    "ВидДляСписка_Key": "9190a947-4bd1-11ef-a9f7-adf91a234dd1",
                    "Значение": "{\n\"version\": 4,\n\"value\": \"gsvghsjgcv@yhgj.hg\",\n\"type\": \"АдресЭлектроннойПочты\"\n}"
                }
            ],
            "ДополнительныеРеквизиты": [],
            "ИсторияКПП": [],
            "ИсторияНаименований": [],
            "ИсторияКонтактнойИнформации": [],
            "Predefined": false,
            "PredefinedDataName": "",
            "Parent@navigationLinkUrl": "Catalog_Контрагенты(guid'f42be364-6915-11ef-8e14-fa163eb4f3b4')/Parent",
            "СтранаРегистрации@navigationLinkUrl": "Catalog_Контрагенты(guid'f42be364-6915-11ef-8e14-fa163eb4f3b4')/СтранаРегистрации",
            "ГоловнойКонтрагент@navigationLinkUrl": "Catalog_Контрагенты(guid'f42be364-6915-11ef-8e14-fa163eb4f3b4')/ГоловнойКонтрагент",
            "ОсновноеКонтактноеЛицо@navigationLinkUrl": "Catalog_Контрагенты(guid'f42be364-6915-11ef-8e14-fa163eb4f3b4')/ОсновноеКонтактноеЛицо"
        },
        {
            "Ref_Key": "7abc200e-639b-11ef-8f80-fa163eb4f3b4",
            "DataVersion": "AAAAAAAAAAA=",
            "DeletionMark": false,
            "Parent_Key": "00000000-0000-0000-0000-000000000000",
            "IsFolder": true,
            "Code": "00-000006",
            "Description": "Клиенты",
            "НаименованиеПолное": null,
            "ОбособленноеПодразделение": null,
            "ЮридическоеФизическоеЛицо": null,
            "СтранаРегистрации_Key": null,
            "ГоловнойКонтрагент_Key": null,
            "ИНН": null,
            "КПП": null,
            "КодПоОКПО": null,
            "ДокументУдостоверяющийЛичность": null,
            "ОсновнойБанковскийСчет_Key": null,
            "УдалитьОсновнойДоговорКонтрагента_Key": null,
            "ОсновноеКонтактноеЛицо_Key": null,
            "Комментарий": "",
            "ДополнительнаяИнформация": "",
            "УдалитьЮрФизЛицо": null,
            "ИННВведенКорректно": null,
            "КППВведенКорректно": null,
            "РасширенноеПредставлениеИНН": null,
            "РасширенноеПредставлениеКПП": null,
            "НалоговыйНомер": null,
            "РегистрационныйНомер": null,
            "ГосударственныйОрган": null,
            "ВидГосударственногоОргана": null,
            "КодГосударственногоОргана": null,
            "СвидетельствоСерияНомер": null,
            "СвидетельствоДатаВыдачи": null,
            "ДатаРегистрации": null,
            "ДатаСоздания": null,
            "Самозанятый": null,
            "ИндивидуальныйПредприниматель": null,
            "НаименованиеНерезидентаРус": null,
            "Ответственный_Key": null,
            "КонтактнаяИнформация": [],
            "ДополнительныеРеквизиты": [],
            "ИсторияКПП": [],
            "ИсторияНаименований": [],
            "ИсторияКонтактнойИнформации": [],
            "Predefined": false,
            "PredefinedDataName": ""
        },
        {
            "Ref_Key": "7f5cb650-639b-11ef-8f80-fa163eb4f3b4",
            "DataVersion": "AAAAAAAAAAA=",
            "DeletionMark": false,
            "Parent_Key": "00000000-0000-0000-0000-000000000000",
            "IsFolder": true,
            "Code": "00-000007",
            "Description": "Поставщики",
            "НаименованиеПолное": null,
            "ОбособленноеПодразделение": null,
            "ЮридическоеФизическоеЛицо": null,
            "СтранаРегистрации_Key": null,
            "ГоловнойКонтрагент_Key": null,
            "ИНН": null,
            "КПП": null,
            "КодПоОКПО": null,
            "ДокументУдостоверяющийЛичность": null,
            "ОсновнойБанковскийСчет_Key": null,
            "УдалитьОсновнойДоговорКонтрагента_Key": null,
            "ОсновноеКонтактноеЛицо_Key": null,
            "Комментарий": "",
            "ДополнительнаяИнформация": "",
            "УдалитьЮрФизЛицо": null,
            "ИННВведенКорректно": null,
            "КППВведенКорректно": null,
            "РасширенноеПредставлениеИНН": null,
            "РасширенноеПредставлениеКПП": null,
            "НалоговыйНомер": null,
            "РегистрационныйНомер": null,
            "ГосударственныйОрган": null,
            "ВидГосударственногоОргана": null,
            "КодГосударственногоОргана": null,
            "СвидетельствоСерияНомер": null,
            "СвидетельствоДатаВыдачи": null,
            "ДатаРегистрации": null,
            "ДатаСоздания": null,
            "Самозанятый": null,
            "ИндивидуальныйПредприниматель": null,
            "НаименованиеНерезидентаРус": null,
            "Ответственный_Key": null,
            "КонтактнаяИнформация": [],
            "ДополнительныеРеквизиты": [],
            "ИсторияКПП": [],
            "ИсторияНаименований": [],
            "ИсторияКонтактнойИнформации": [],
            "Predefined": false,
            "PredefinedDataName": ""
        }
    ]
}