[
    {
        "module": null,
        "id": "1",
        "entity": "1",
        "import_key": null,
        "array_options": [],
        "array_languages": null,
        "contacts_ids": null,
        "linked_objects": null,
        "linkedObjectsIds": null,
        "oldref": null,
        "actionmsg": null,
        "actionmsg2": null,
        "canvas": null,
        "fk_project": null,
        "contact_id": null,
        "user": null,
        "origin": null,
        "origin_id": null,
        "origin_object": null,
        "expedition": null,
        "livraison": null,
        "commandeFournisseur": null,
        "ref": "1",
        "ref_ext": null,
        "statut": "1",
        "status": null,
        "country_id": "117",
        "country_code": "IN",
        "state_id": "297",
        "region_id": null,
        "barcode_type": null,
        "barcode_type_coder": null,
        "mode_reglement_id": null,
        "cond_reglement_id": null,
        "demand_reason_id": null,
        "transport_mode_id": null,
        "shipping_method_id": null,
        "shipping_method": null,
        "fk_multicurrency": null,
        "multicurrency_code": null,
        "multicurrency_tx": null,
        "multicurrency_total_ht": null,
        "multicurrency_total_tva": null,
        "multicurrency_total_ttc": null,
        "multicurrency_total_localtax1": null,
        "multicurrency_total_localtax2": null,
        "model_pdf": null,
        "last_main_doc": null,
        "fk_bank": null,
        "fk_account": null,
        "note_public": "",
        "note_private": "Met during a congress at Dubai",
        "name": null,
        "lastname": "Indra",
        "firstname": "Mahala",
        "civility_id": null,
        "date_creation": 1341743174,
        "date_validation": null,
        "date_modification": 1574941978,
        "date_update": null,
        "date_cloture": null,
        "user_author": null,
        "user_creation": null,
        "user_creation_id": null,
        "user_valid": null,
        "user_validation": null,
        "user_validation_id": null,
        "user_closing_id": null,
        "user_modification": null,
        "user_modification_id": null,
        "specimen": 0,
        "totalpaid": null,
        "labelStatus": [],
        "labelStatusShort": [],
        "tpl": null,
        "showphoto_on_popup": null,
        "nb": [],
        "nbphoto": null,
        "output": null,
        "extraparams": [],
        "product": null,
        "cond_reglement_supplier_id": null,
        "deposit_percent": null,
        "retained_warranty_fk_cond_reglement": null,
        "warehouse_id": null,
        "civility_code": "MR",
        "civility": "Mr.",
        "gender": "man",
        "egroupware_id": null,
        "birthday_alert": null,
        "civilite": null,
        "fullname": null,
        "address": "",
        "zip": "",
        "town": "",
        "poste": "Project leader",
        "socid": "1",
        "fk_soc": "1",
        "socname": "Indian SAS",
        "code": null,
        "email": "",
        "mail": "",
        "url": null,
        "no_email": null,
        "socialnetworks": [],
        "photo": null,
        "phone_pro": "",
        "phone_perso": "",
        "phone_mobile": "",
        "fax": "",
        "priv": "0",
        "birthday": 1341691200,
        "default_lang": null,
        "ref_facturation": null,
        "ref_contrat": null,
        "ref_commande": null,
        "ref_propal": null,
        "user_id": null,
        "user_login": null,
        "roles": [],
        "cacheprospectstatus": [],
        "fk_prospectlevel": null,
        "stcomm_id": "0",
        "statut_commercial": "Never contacted",
        "stcomm_picto": null
    },
    {
        "module": null,
        "id": "2",
        "entity": "1",
        "import_key": null,
        "array_options": [],
        "array_languages": null,
        "contacts_ids": null,
        "linked_objects": null,
        "linkedObjectsIds": null,
        "oldref": null,
        "actionmsg": null,
        "actionmsg2": null,
        "canvas": null,
        "fk_project": null,
        "contact_id": null,
        "user": null,
        "origin": null,
        "origin_id": null,
        "origin_object": null,
        "expedition": null,
        "livraison": null,
        "commandeFournisseur": null,
        "ref": "2",
        "ref_ext": null,
        "statut": "1",
        "status": null,
        "country_id": "11",
        "country_code": "US",
        "state_id": "200",
        "region_id": null,
        "barcode_type": null,
        "barcode_type_coder": null,
        "mode_reglement_id": null,
        "cond_reglement_id": null,
        "demand_reason_id": null,
        "transport_mode_id": null,
        "shipping_method_id": null,
        "shipping_method": null,
        "fk_multicurrency": null,
        "multicurrency_code": null,
        "multicurrency_tx": null,
        "multicurrency_total_ht": null,
        "multicurrency_total_tva": null,
        "multicurrency_total_ttc": null,
        "multicurrency_total_localtax1": null,
        "multicurrency_total_localtax2": null,
        "model_pdf": null,
        "last_main_doc": null,
        "fk_bank": null,
        "fk_account": null,
        "note_public": null,
        "note_private": "A friend that is a free contact not linked to any company",
        "name": null,
        "lastname": "Freeman",
        "firstname": "Public",
        "civility_id": null,
        "date_creation": 1341773090,
        "date_validation": null,
        "date_modification": 1574941978,
        "date_update": null,
        "date_cloture": null,
        "user_author": null,
        "user_creation": null,
        "user_creation_id": null,
        "user_valid": null,
        "user_validation": null,
        "user_validation_id": null,
        "user_closing_id": null,
        "user_modification": null,
        "user_modification_id": null,
        "specimen": 0,
        "totalpaid": null,
        "labelStatus": [],
        "labelStatusShort": [],
        "tpl": null,
        "showphoto_on_popup": null,
        "nb": [],
        "nbphoto": null,
        "output": null,
        "extraparams": [],
        "product": null,
        "cond_reglement_supplier_id": null,
        "deposit_percent": null,
        "retained_warranty_fk_cond_reglement": null,
        "warehouse_id": null,
        "civility_code": "MR",
        "civility": "Mr.",
        "gender": "man",
        "egroupware_id": null,
        "birthday_alert": null,
        "civilite": null,
        "fullname": null,
        "address": "",
        "zip": "",
        "town": "",
        "poste": "",
        "socid": null,
        "fk_soc": null,
        "socname": null,
        "code": null,
        "email": "",
        "mail": "",
        "url": null,
        "no_email": null,
        "socialnetworks": [],
        "photo": null,
        "phone_pro": "",
        "phone_perso": "",
        "phone_mobile": "",
        "fax": "",
        "priv": "0",
        "birthday": "",
        "default_lang": null,
        "ref_facturation": null,
        "ref_contrat": null,
        "ref_commande": null,
        "ref_propal": null,
        "user_id": null,
        "user_login": null,
        "roles": [],
        "cacheprospectstatus": [],
        "fk_prospectlevel": null,
        "stcomm_id": "0",
        "statut_commercial": "Never contacted",
        "stcomm_picto": null
    },
    {
        "module": null,
        "id": "3",
        "entity": "1",
        "import_key": null,
        "array_options": [],
        "array_languages": null,
        "contacts_ids": null,
        "linked_objects": null,
        "linkedObjectsIds": null,
        "oldref": null,
        "actionmsg": null,
        "actionmsg2": null,
        "canvas": null,
        "fk_project": null,
        "contact_id": null,
        "user": null,
        "origin": null,
        "origin_id": null,
        "origin_object": null,
        "expedition": null,
        "livraison": null,
        "commandeFournisseur": null,
        "ref": "3",
        "ref_ext": null,
        "statut": "1",
        "status": null,
        "country_id": "11",
        "country_code": "US",
        "state_id": null,
        "region_id": null,
        "barcode_type": null,
        "barcode_type_coder": null,
        "mode_reglement_id": null,
        "cond_reglement_id": null,
        "demand_reason_id": null,
        "transport_mode_id": null,
        "shipping_method_id": null,
        "shipping_method": null,
        "fk_multicurrency": null,
        "multicurrency_code": null,
        "multicurrency_tx": null,
        "multicurrency_total_ht": null,
        "multicurrency_total_tva": null,
        "multicurrency_total_ttc": null,
        "multicurrency_total_localtax1": null,
        "multicurrency_total_localtax2": null,
        "model_pdf": null,
        "last_main_doc": null,
        "fk_bank": null,
        "fk_account": null,
        "note_public": "",
        "note_private": "This is a private contact",
        "name": null,
        "lastname": "Mywife",
        "firstname": "Nicy",
        "civility_id": null,
        "date_creation": 1341773942,
        "date_validation": null,
        "date_modification": 1574941978,
        "date_update": null,
        "date_cloture": null,
        "user_author": null,
        "user_creation": null,
        "user_creation_id": null,
        "user_valid": null,
        "user_validation": null,
        "user_validation_id": null,
        "user_closing_id": null,
        "user_modification": null,
        "user_modification_id": null,
        "specimen": 0,
        "totalpaid": null,
        "labelStatus": [],
        "labelStatusShort": [],
        "tpl": null,
        "showphoto_on_popup": null,
        "nb": [],
        "nbphoto": null,
        "output": null,
        "extraparams": [],
        "product": null,
        "cond_reglement_supplier_id": null,
        "deposit_percent": null,
        "retained_warranty_fk_cond_reglement": null,
        "warehouse_id": null,
        "civility_code": "MR",
        "civility": "Mr.",
        "gender": "man",
        "egroupware_id": null,
        "birthday_alert": null,
        "civilite": null,
        "fullname": null,
        "address": "",
        "zip": "",
        "town": "",
        "poste": "",
        "socid": null,
        "fk_soc": null,
        "socname": null,
        "code": null,
        "email": "",
        "mail": "",
        "url": null,
        "no_email": null,
        "socialnetworks": [],
        "photo": null,
        "phone_pro": "",
        "phone_perso": "",
        "phone_mobile": "",
        "fax": "",
        "priv": "1",
        "birthday": 339368400,
        "default_lang": null,
        "ref_facturation": null,
        "ref_contrat": null,
        "ref_commande": null,
        "ref_propal": null,
        "user_id": null,
        "user_login": null,
        "roles": [],
        "cacheprospectstatus": [],
        "fk_prospectlevel": null,
        "stcomm_id": "0",
        "statut_commercial": "Never contacted",
        "stcomm_picto": null
    },
    {
        "module": null,
        "id": "4",
        "entity": "1",
        "import_key": null,
        "array_options": [],
        "array_languages": null,
        "contacts_ids": null,
        "linked_objects": null,
        "linkedObjectsIds": null,
        "oldref": null,
        "actionmsg": null,
        "actionmsg2": null,
        "canvas": null,
        "fk_project": null,
        "contact_id": null,
        "user": null,
        "origin": null,
        "origin_id": null,
        "origin_object": null,
        "expedition": null,
        "livraison": null,
        "commandeFournisseur": null,
        "ref": "4",
        "ref_ext": null,
        "statut": "1",
        "status": null,
        "country_id": "6",
        "country_code": "CH",
        "state_id": null,
        "region_id": null,
        "barcode_type": null,
        "barcode_type_coder": null,
        "mode_reglement_id": null,
        "cond_reglement_id": null,
        "demand_reason_id": null,
        "transport_mode_id": null,
        "shipping_method_id": null,
        "shipping_method": null,
        "fk_multicurrency": null,
        "multicurrency_code": null,
        "multicurrency_tx": null,
        "multicurrency_total_ht": null,
        "multicurrency_total_tva": null,
        "multicurrency_total_ttc": null,
        "multicurrency_total_localtax1": null,
        "multicurrency_total_localtax2": null,
        "model_pdf": null,
        "last_main_doc": null,
        "fk_bank": null,
        "fk_account": null,
        "note_public": null,
        "note_private": "The bank director",
        "name": null,
        "lastname": "Rotchield",
        "firstname": "Evan",
        "civility_id": null,
        "date_creation": 1341778618,
        "date_validation": null,
        "date_modification": 1574941978,
        "date_update": null,
        "date_cloture": null,
        "user_author": null,
        "user_creation": null,
        "user_creation_id": null,
        "user_valid": null,
        "user_validation": null,
        "user_validation_id": null,
        "user_closing_id": null,
        "user_modification": null,
        "user_modification_id": null,
        "specimen": 0,
        "totalpaid": null,
        "labelStatus": [],
        "labelStatusShort": [],
        "tpl": null,
        "showphoto_on_popup": null,
        "nb": [],
        "nbphoto": null,
        "output": null,
        "extraparams": [],
        "product": null,
        "cond_reglement_supplier_id": null,
        "deposit_percent": null,
        "retained_warranty_fk_cond_reglement": null,
        "warehouse_id": null,
        "civility_code": "MR",
        "civility": "Mr.",
        "gender": "man",
        "egroupware_id": null,
        "birthday_alert": null,
        "civilite": null,
        "fullname": null,
        "address": "",
        "zip": "",
        "town": "",
        "poste": "Bank director",
        "socid": "6",
        "fk_soc": "6",
        "socname": "Swiss Touch",
        "code": null,
        "email": "",
        "mail": "",
        "url": null,
        "no_email": null,
        "socialnetworks": [],
        "photo": null,
        "phone_pro": "",
        "phone_perso": "",
        "phone_mobile": "",
        "fax": "",
        "priv": "0",
        "birthday": "",
        "default_lang": null,
        "ref_facturation": null,
        "ref_contrat": null,
        "ref_commande": null,
        "ref_propal": null,
        "user_id": null,
        "user_login": null,
        "roles": [],
        "cacheprospectstatus": [],
        "fk_prospectlevel": null,
        "stcomm_id": "0",
        "statut_commercial": "Never contacted",
        "stcomm_picto": null
    },
    {
        "module": null,
        "id": "6",
        "entity": "1",
        "import_key": null,
        "array_options": [],
        "array_languages": null,
        "contacts_ids": null,
        "linked_objects": null,
        "linkedObjectsIds": null,
        "oldref": null,
        "actionmsg": null,
        "actionmsg2": null,
        "canvas": null,
        "fk_project": null,
        "contact_id": null,
        "user": null,
        "origin": null,
        "origin_id": null,
        "origin_object": null,
        "expedition": null,
        "livraison": null,
        "commandeFournisseur": null,
        "ref": "6",
        "ref_ext": null,
        "statut": "1",
        "status": null,
        "country_id": null,
        "country_code": "",
        "state_id": null,
        "region_id": null,
        "barcode_type": null,
        "barcode_type_coder": null,
        "mode_reglement_id": null,
        "cond_reglement_id": null,
        "demand_reason_id": null,
        "transport_mode_id": null,
        "shipping_method_id": null,
        "shipping_method": null,
        "fk_multicurrency": null,
        "multicurrency_code": null,
        "multicurrency_tx": null,
        "multicurrency_total_ht": null,
        "multicurrency_total_tva": null,
        "multicurrency_total_ttc": null,
        "multicurrency_total_localtax1": null,
        "multicurrency_total_localtax2": null,
        "model_pdf": null,
        "last_main_doc": null,
        "fk_bank": null,
        "fk_account": null,
        "note_public": "",
        "note_private": "",
        "name": null,
        "lastname": "Bookkeeper",
        "firstname": "Bob",
        "civility_id": null,
        "date_creation": 1375310486,
        "date_validation": null,
        "date_modification": 1574941978,
        "date_update": null,
        "date_cloture": null,
        "user_author": null,
        "user_creation": null,
        "user_creation_id": null,
        "user_valid": null,
        "user_validation": null,
        "user_validation_id": null,
        "user_closing_id": null,
        "user_modification": null,
        "user_modification_id": null,
        "specimen": 0,
        "totalpaid": null,
        "labelStatus": [],
        "labelStatusShort": [],
        "tpl": null,
        "showphoto_on_popup": null,
        "nb": [],
        "nbphoto": null,
        "output": null,
        "extraparams": [],
        "product": null,
        "cond_reglement_supplier_id": null,
        "deposit_percent": null,
        "retained_warranty_fk_cond_reglement": null,
        "warehouse_id": null,
        "civility_code": "",
        "civility": "",
        "egroupware_id": null,
        "birthday_alert": null,
        "civilite": null,
        "fullname": null,
        "address": "",
        "zip": "",
        "town": "",
        "poste": "book keeper",
        "socid": "17",
        "fk_soc": "17",
        "socname": "Book Keeping Company",
        "code": null,
        "email": "bbookkeeper@example.com",
        "mail": "bbookkeeper@example.com",
        "url": null,
        "no_email": "0",
        "socialnetworks": {
            "skype": "skypebbookkeeper"
        },
        "photo": "",
        "phone_pro": "",
        "phone_perso": "",
        "phone_mobile": "",
        "fax": "",
        "priv": "0",
        "birthday": "",
        "default_lang": null,
        "ref_facturation": null,
        "ref_contrat": null,
        "ref_commande": null,
        "ref_propal": null,
        "user_id": "4",
        "user_login": "bbookkeeper",
        "roles": [],
        "cacheprospectstatus": [],
        "fk_prospectlevel": null,
        "stcomm_id": "0",
        "statut_commercial": "Never contacted",
        "stcomm_picto": null
    },
    {
        "module": null,
        "id": "7",
        "entity": "1",
        "import_key": null,
        "array_options": [],
        "array_languages": null,
        "contacts_ids": null,
        "linked_objects": null,
        "linkedObjectsIds": null,
        "oldref": null,
        "actionmsg": null,
        "actionmsg2": null,
        "canvas": null,
        "fk_project": null,
        "contact_id": null,
        "user": null,
        "origin": null,
        "origin_id": null,
        "origin_object": null,
        "expedition": null,
        "livraison": null,
        "commandeFournisseur": null,
        "ref": "7",
        "ref_ext": "",
        "statut": "1",
        "status": null,
        "country_id": "14",
        "country_code": "CA",
        "state_id": null,
        "region_id": null,
        "barcode_type": null,
        "barcode_type_coder": null,
        "mode_reglement_id": null,
        "cond_reglement_id": null,
        "demand_reason_id": null,
        "transport_mode_id": null,
        "shipping_method_id": null,
        "shipping_method": null,
        "fk_multicurrency": null,
        "multicurrency_code": null,
        "multicurrency_tx": null,
        "multicurrency_total_ht": null,
        "multicurrency_total_tva": null,
        "multicurrency_total_ttc": null,
        "multicurrency_total_localtax1": null,
        "multicurrency_total_localtax2": null,
        "model_pdf": null,
        "last_main_doc": null,
        "fk_bank": null,
        "fk_account": null,
        "note_public": "",
        "note_private": "",
        "name": null,
        "lastname": "Dad",
        "firstname": "",
        "civility_id": null,
        "date_creation": 1532956266,
        "date_validation": null,
        "date_modification": 1574941978,
        "date_update": null,
        "date_cloture": null,
        "user_author": null,
        "user_creation": null,
        "user_creation_id": null,
        "user_valid": null,
        "user_validation": null,
        "user_validation_id": null,
        "user_closing_id": null,
        "user_modification": null,
        "user_modification_id": null,
        "specimen": 0,
        "totalpaid": null,
        "labelStatus": [],
        "labelStatusShort": [],
        "tpl": null,
        "showphoto_on_popup": null,
        "nb": [],
        "nbphoto": null,
        "output": null,
        "extraparams": [],
        "product": null,
        "cond_reglement_supplier_id": null,
        "deposit_percent": null,
        "retained_warranty_fk_cond_reglement": null,
        "warehouse_id": null,
        "civility_code": "MR",
        "civility": "Mr.",
        "gender": "man",
        "egroupware_id": null,
        "birthday_alert": null,
        "civilite": null,
        "fullname": null,
        "address": "",
        "zip": "",
        "town": "",
        "poste": "",
        "socid": null,
        "fk_soc": null,
        "socname": null,
        "code": null,
        "email": "",
        "mail": "",
        "url": null,
        "no_email": null,
        "socialnetworks": [],
        "photo": "",
        "phone_pro": "",
        "phone_perso": "",
        "phone_mobile": "",
        "fax": "",
        "priv": "1",
        "birthday": -73450800,
        "default_lang": null,
        "ref_facturation": null,
        "ref_contrat": null,
        "ref_commande": null,
        "ref_propal": null,
        "user_id": null,
        "user_login": null,
        "roles": [],
        "cacheprospectstatus": [],
        "fk_prospectlevel": null,
        "stcomm_id": "0",
        "statut_commercial": "Never contacted",
        "stcomm_picto": null
    },
    {
        "module": null,
        "id": "8",
        "entity": "1",
        "import_key": null,
        "array_options": [],
        "array_languages": null,
        "contacts_ids": null,
        "linked_objects": null,
        "linkedObjectsIds": null,
        "oldref": null,
        "actionmsg": null,
        "actionmsg2": null,
        "canvas": null,
        "fk_project": null,
        "contact_id": null,
        "user": null,
        "origin": null,
        "origin_id": null,
        "origin_object": null,
        "expedition": null,
        "livraison": null,
        "commandeFournisseur": null,
        "ref": "8",
        "ref_ext": "",
        "statut": "1",
        "status": null,
        "country_id": "14",
        "country_code": "CA",
        "state_id": null,
        "region_id": null,
        "barcode_type": null,
        "barcode_type_coder": null,
        "mode_reglement_id": null,
        "cond_reglement_id": null,
        "demand_reason_id": null,
        "transport_mode_id": null,
        "shipping_method_id": null,
        "shipping_method": null,
        "fk_multicurrency": null,
        "multicurrency_code": null,
        "multicurrency_tx": null,
        "multicurrency_total_ht": null,
        "multicurrency_total_tva": null,
        "multicurrency_total_ttc": null,
        "multicurrency_total_localtax1": null,
        "multicurrency_total_localtax2": null,
        "model_pdf": null,
        "last_main_doc": null,
        "fk_bank": null,
        "fk_account": null,
        "note_public": "",
        "note_private": "",
        "name": null,
        "lastname": "Mom",
        "firstname": "",
        "civility_id": null,
        "date_creation": 1532956383,
        "date_validation": null,
        "date_modification": 1574941978,
        "date_update": null,
        "date_cloture": null,
        "user_author": null,
        "user_creation": null,
        "user_creation_id": null,
        "user_valid": null,
        "user_validation": null,
        "user_validation_id": null,
        "user_closing_id": null,
        "user_modification": null,
        "user_modification_id": null,
        "specimen": 0,
        "totalpaid": null,
        "labelStatus": [],
        "labelStatusShort": [],
        "tpl": null,
        "showphoto_on_popup": null,
        "nb": [],
        "nbphoto": null,
        "output": null,
        "extraparams": [],
        "product": null,
        "cond_reglement_supplier_id": null,
        "deposit_percent": null,
        "retained_warranty_fk_cond_reglement": null,
        "warehouse_id": null,
        "civility_code": "MLE",
        "civility": "Ms.",
        "gender": "woman",
        "egroupware_id": null,
        "birthday_alert": null,
        "civilite": null,
        "fullname": null,
        "address": "",
        "zip": "",
        "town": "",
        "poste": "",
        "socid": null,
        "fk_soc": null,
        "socname": null,
        "code": null,
        "email": "",
        "mail": "",
        "url": null,
        "no_email": null,
        "socialnetworks": [],
        "photo": "",
        "phone_pro": "",
        "phone_perso": "",
        "phone_mobile": "",
        "fax": "",
        "priv": "1",
        "birthday": "",
        "default_lang": null,
        "ref_facturation": null,
        "ref_contrat": null,
        "ref_commande": null,
        "ref_propal": null,
        "user_id": null,
        "user_login": null,
        "roles": [],
        "cacheprospectstatus": [],
        "fk_prospectlevel": null,
        "stcomm_id": "0",
        "statut_commercial": "Never contacted",
        "stcomm_picto": null
    },
    {
        "module": null,
        "id": "9",
        "entity": "1",
        "import_key": null,
        "array_options": [],
        "array_languages": null,
        "contacts_ids": null,
        "linked_objects": null,
        "linkedObjectsIds": null,
        "oldref": null,
        "actionmsg": null,
        "actionmsg2": null,
        "canvas": null,
        "fk_project": null,
        "contact_id": null,
        "user": null,
        "origin": null,
        "origin_id": null,
        "origin_object": null,
        "expedition": null,
        "livraison": null,
        "commandeFournisseur": null,
        "ref": "9",
        "ref_ext": "",
        "statut": "1",
        "status": null,
        "country_id": "205",
        "country_code": "ZA",
        "state_id": null,
        "region_id": null,
        "barcode_type": null,
        "barcode_type_coder": null,
        "mode_reglement_id": null,
        "cond_reglement_id": null,
        "demand_reason_id": null,
        "transport_mode_id": null,
        "shipping_method_id": null,
        "shipping_method": null,
        "fk_multicurrency": null,
        "multicurrency_code": null,
        "multicurrency_tx": null,
        "multicurrency_total_ht": null,
        "multicurrency_total_tva": null,
        "multicurrency_total_ttc": null,
        "multicurrency_total_localtax1": null,
        "multicurrency_total_localtax2": null,
        "model_pdf": null,
        "last_main_doc": null,
        "fk_bank": null,
        "fk_account": null,
        "note_public": "",
        "note_private": "",
        "name": null,
        "lastname": "Francky",
        "firstname": "",
        "civility_id": null,
        "date_creation": 1532956481,
        "date_validation": null,
        "date_modification": 1574941978,
        "date_update": null,
        "date_cloture": null,
        "user_author": null,
        "user_creation": null,
        "user_creation_id": null,
        "user_valid": null,
        "user_validation": null,
        "user_validation_id": null,
        "user_closing_id": null,
        "user_modification": null,
        "user_modification_id": null,
        "specimen": 0,
        "totalpaid": null,
        "labelStatus": [],
        "labelStatusShort": [],
        "tpl": null,
        "showphoto_on_popup": null,
        "nb": [],
        "nbphoto": null,
        "output": null,
        "extraparams": [],
        "product": null,
        "cond_reglement_supplier_id": null,
        "deposit_percent": null,
        "retained_warranty_fk_cond_reglement": null,
        "warehouse_id": null,
        "civility_code": "MR",
        "civility": "Mr.",
        "gender": "man",
        "egroupware_id": null,
        "birthday_alert": null,
        "civilite": null,
        "fullname": null,
        "address": "",
        "zip": "89455",
        "town": "Virigia",
        "poste": "Baker",
        "socid": null,
        "fk_soc": null,
        "socname": null,
        "code": null,
        "email": "francky@example.com",
        "mail": "francky@example.com",
        "url": null,
        "no_email": "0",
        "socialnetworks": [],
        "photo": "",
        "phone_pro": "555-98989898",
        "phone_perso": "",
        "phone_mobile": "",
        "fax": "",
        "priv": "0",
        "birthday": 331938000,
        "default_lang": null,
        "ref_facturation": null,
        "ref_contrat": null,
        "ref_commande": null,
        "ref_propal": null,
        "user_id": null,
        "user_login": null,
        "roles": [],
        "cacheprospectstatus": [],
        "fk_prospectlevel": null,
        "stcomm_id": "0",
        "statut_commercial": "Never contacted",
        "stcomm_picto": null
    },
    {
        "module": null,
        "id": "10",
        "entity": "1",
        "import_key": null,
        "array_options": [],
        "array_languages": null,
        "contacts_ids": null,
        "linked_objects": null,
        "linkedObjectsIds": null,
        "oldref": null,
        "actionmsg": null,
        "actionmsg2": null,
        "canvas": null,
        "fk_project": null,
        "contact_id": null,
        "user": null,
        "origin": null,
        "origin_id": null,
        "origin_object": null,
        "expedition": null,
        "livraison": null,
        "commandeFournisseur": null,
        "ref": "10",
        "ref_ext": "",
        "statut": "1",
        "status": null,
        "country_id": null,
        "country_code": "",
        "state_id": null,
        "region_id": null,
        "barcode_type": null,
        "barcode_type_coder": null,
        "mode_reglement_id": null,
        "cond_reglement_id": null,
        "demand_reason_id": null,
        "transport_mode_id": null,
        "shipping_method_id": null,
        "shipping_method": null,
        "fk_multicurrency": null,
        "multicurrency_code": null,
        "multicurrency_tx": null,
        "multicurrency_total_ht": null,
        "multicurrency_total_tva": null,
        "multicurrency_total_ttc": null,
        "multicurrency_total_localtax1": null,
        "multicurrency_total_localtax2": null,
        "model_pdf": null,
        "last_main_doc": null,
        "fk_bank": null,
        "fk_account": null,
        "note_public": "",
        "note_private": "",
        "name": null,
        "lastname": "Destailleur",
        "firstname": "Laurent",
        "civility_id": null,
        "date_creation": 1532957182,
        "date_validation": null,
        "date_modification": 1574941978,
        "date_update": null,
        "date_cloture": null,
        "user_author": null,
        "user_creation": null,
        "user_creation_id": null,
        "user_valid": null,
        "user_validation": null,
        "user_validation_id": null,
        "user_closing_id": null,
        "user_modification": null,
        "user_modification_id": null,
        "specimen": 0,
        "totalpaid": null,
        "labelStatus": [],
        "labelStatusShort": [],
        "tpl": null,
        "showphoto_on_popup": null,
        "nb": [],
        "nbphoto": null,
        "output": null,
        "extraparams": [],
        "product": null,
        "cond_reglement_supplier_id": null,
        "deposit_percent": null,
        "retained_warranty_fk_cond_reglement": null,
        "warehouse_id": null,
        "civility_code": "",
        "civility": "",
        "egroupware_id": null,
        "birthday_alert": null,
        "civilite": null,
        "fullname": null,
        "address": "",
        "zip": "",
        "town": "",
        "poste": "Dolibarr project leader",
        "socid": "10",
        "fk_soc": "10",
        "socname": "NLTechno",
        "code": null,
        "email": "ldestailleur@example.com",
        "mail": "ldestailleur@example.com",
        "url": null,
        "no_email": "0",
        "socialnetworks": [],
        "photo": "ldestailleur_200x200.jpg",
        "phone_pro": "",
        "phone_perso": "",
        "phone_mobile": "",
        "fax": "",
        "priv": "0",
        "birthday": 87512400,
        "default_lang": null,
        "ref_facturation": null,
        "ref_contrat": null,
        "ref_commande": null,
        "ref_propal": null,
        "user_id": "18",
        "user_login": "ldestailleur",
        "roles": [],
        "cacheprospectstatus": [],
        "fk_prospectlevel": null,
        "stcomm_id": "0",
        "statut_commercial": "Never contacted",
        "stcomm_picto": null
    },
    {
        "module": null,
        "id": "11",
        "entity": "1",
        "import_key": null,
        "array_options": [],
        "array_languages": null,
        "contacts_ids": null,
        "linked_objects": null,
        "linkedObjectsIds": null,
        "oldref": null,
        "actionmsg": null,
        "actionmsg2": null,
        "canvas": null,
        "fk_project": null,
        "contact_id": null,
        "user": null,
        "origin": null,
        "origin_id": null,
        "origin_object": null,
        "expedition": null,
        "livraison": null,
        "commandeFournisseur": null,
        "ref": "11",
        "ref_ext": "",
        "statut": "1",
        "status": null,
        "country_id": "11",
        "country_code": "US",
        "state_id": null,
        "region_id": null,
        "barcode_type": null,
        "barcode_type_coder": null,
        "mode_reglement_id": null,
        "cond_reglement_id": null,
        "demand_reason_id": null,
        "transport_mode_id": null,
        "shipping_method_id": null,
        "shipping_method": null,
        "fk_multicurrency": null,
        "multicurrency_code": null,
        "multicurrency_tx": null,
        "multicurrency_total_ht": null,
        "multicurrency_total_tva": null,
        "multicurrency_total_ttc": null,
        "multicurrency_total_localtax1": null,
        "multicurrency_total_localtax2": null,
        "model_pdf": null,
        "last_main_doc": null,
        "fk_bank": null,
        "fk_account": null,
        "note_public": "",
        "note_private": "",
        "name": null,
        "lastname": "Smith",
        "firstname": "Laurent",
        "civility_id": null,
        "date_creation": 1494584196,
        "date_validation": null,
        "date_modification": 1574941978,
        "date_update": null,
        "date_cloture": null,
        "user_author": null,
        "user_creation": null,
        "user_creation_id": null,
        "user_valid": null,
        "user_validation": null,
        "user_validation_id": null,
        "user_closing_id": null,
        "user_modification": null,
        "user_modification_id": null,
        "specimen": 0,
        "totalpaid": null,
        "labelStatus": [],
        "labelStatusShort": [],
        "tpl": null,
        "showphoto_on_popup": null,
        "nb": [],
        "nbphoto": null,
        "output": null,
        "extraparams": [],
        "product": null,
        "cond_reglement_supplier_id": null,
        "deposit_percent": null,
        "retained_warranty_fk_cond_reglement": null,
        "warehouse_id": null,
        "civility_code": "MR",
        "civility": "Mr.",
        "gender": "man",
        "egroupware_id": null,
        "birthday_alert": null,
        "civilite": null,
        "fullname": null,
        "address": "45 Big road",
        "zip": "897",
        "town": "Seattle",
        "poste": "Director",
        "socid": "11",
        "fk_soc": "11",
        "socname": "Company Corp 1",
        "code": null,
        "email": "",
        "mail": "",
        "url": null,
        "no_email": null,
        "socialnetworks": [],
        "photo": "ldestailleur_200x200.png",
        "phone_pro": "",
        "phone_perso": "",
        "phone_mobile": "",
        "fax": "",
        "priv": "0",
        "birthday": "",
        "default_lang": null,
        "ref_facturation": null,
        "ref_contrat": null,
        "ref_commande": null,
        "ref_propal": null,
        "user_id": null,
        "user_login": null,
        "roles": [],
        "cacheprospectstatus": [],
        "fk_prospectlevel": null,
        "stcomm_id": "0",
        "statut_commercial": "Never contacted",
        "stcomm_picto": null
    },
    {
        "module": null,
        "id": "12",
        "entity": "1",
        "import_key": null,
        "array_options": [],
        "array_languages": null,
        "contacts_ids": null,
        "linked_objects": null,
        "linkedObjectsIds": null,
        "oldref": null,
        "actionmsg": null,
        "actionmsg2": null,
        "canvas": null,
        "fk_project": null,
        "contact_id": null,
        "user": null,
        "origin": null,
        "origin_id": null,
        "origin_object": null,
        "expedition": null,
        "livraison": null,
        "commandeFournisseur": null,
        "ref": "12",
        "ref_ext": "",
        "statut": "1",
        "status": null,
        "country_id": "11",
        "country_code": "US",
        "state_id": null,
        "region_id": null,
        "barcode_type": null,
        "barcode_type_coder": null,
        "mode_reglement_id": null,
        "cond_reglement_id": null,
        "demand_reason_id": null,
        "transport_mode_id": null,
        "shipping_method_id": null,
        "shipping_method": null,
        "fk_multicurrency": null,
        "multicurrency_code": null,
        "multicurrency_tx": null,
        "multicurrency_total_ht": null,
        "multicurrency_total_tva": null,
        "multicurrency_total_ttc": null,
        "multicurrency_total_localtax1": null,
        "multicurrency_total_localtax2": null,
        "model_pdf": null,
        "last_main_doc": null,
        "fk_bank": null,
        "fk_account": null,
        "note_public": "",
        "note_private": "",
        "name": null,
        "lastname": "Einstein",
        "firstname": "",
        "civility_id": null,
        "date_creation": 1494584371,
        "date_validation": null,
        "date_modification": 1574941978,
        "date_update": null,
        "date_cloture": null,
        "user_author": null,
        "user_creation": null,
        "user_creation_id": null,
        "user_valid": null,
        "user_validation": null,
        "user_validation_id": null,
        "user_closing_id": null,
        "user_modification": null,
        "user_modification_id": null,
        "specimen": 0,
        "totalpaid": null,
        "labelStatus": [],
        "labelStatusShort": [],
        "tpl": null,
        "showphoto_on_popup": null,
        "nb": [],
        "nbphoto": null,
        "output": null,
        "extraparams": [],
        "product": null,
        "cond_reglement_supplier_id": null,
        "deposit_percent": null,
        "retained_warranty_fk_cond_reglement": null,
        "warehouse_id": null,
        "civility_code": "MR",
        "civility": "Mr.",
        "gender": "man",
        "egroupware_id": null,
        "birthday_alert": null,
        "civilite": null,
        "fullname": null,
        "address": "",
        "zip": "",
        "town": "",
        "poste": "Genius",
        "socid": "11",
        "fk_soc": "11",
        "socname": "Company Corp 1",
        "code": null,
        "email": "genius@example.com",
        "mail": "genius@example.com",
        "url": null,
        "no_email": "0",
        "socialnetworks": [],
        "photo": "Einstein.jpg",
        "phone_pro": "333444555",
        "phone_perso": "",
        "phone_mobile": "",
        "fax": "",
        "priv": "0",
        "birthday": "",
        "default_lang": null,
        "ref_facturation": null,
        "ref_contrat": null,
        "ref_commande": null,
        "ref_propal": null,
        "user_id": null,
        "user_login": null,
        "roles": [],
        "cacheprospectstatus": [],
        "fk_prospectlevel": null,
        "stcomm_id": "0",
        "statut_commercial": "Never contacted",
        "stcomm_picto": null
    }
]