[
    {
        "module": null,
        "id": "4012",
        "entity": "1",
        "import_key": null,
        "array_options": [],
        "array_languages": null,
        "contacts_ids": null,
        "linked_objects": null,
        "linkedObjectsIds": null,
        "oldref": null,
        "actionmsg": null,
        "actionmsg2": null,
        "canvas": null,
        "fk_project": null,
        "contact_id": null,
        "user": null,
        "origin": null,
        "origin_id": null,
        "origin_object": null,
        "expedition": null,
        "livraison": null,
        "commandeFournisseur": null,
        "ref": "4012",
        "ref_ext": null,
        "statut": "1",
        "status": null,
        "country_id": "19",
        "country_code": "RU",
        "state_id": null,
        "region_id": null,
        "barcode_type": null,
        "barcode_type_coder": null,
        "mode_reglement_id": null,
        "cond_reglement_id": null,
        "demand_reason_id": null,
        "transport_mode_id": null,
        "shipping_method_id": null,
        "shipping_method": null,
        "fk_multicurrency": null,
        "multicurrency_code": null,
        "multicurrency_tx": null,
        "multicurrency_total_ht": null,
        "multicurrency_total_tva": null,
        "multicurrency_total_ttc": null,
        "multicurrency_total_localtax1": null,
        "multicurrency_total_localtax2": null,
        "model_pdf": null,
        "last_main_doc": null,
        "fk_bank": null,
        "fk_account": null,
        "note_public": "",
        "note_private": "",
        "name": null,
        "lastname": "Нажметдинова",
        "firstname": "Марина",
        "civility_id": null,
        "date_creation": 1725256948,
        "date_validation": null,
        "date_modification": 1725451923,
        "date_update": null,
        "date_cloture": null,
        "user_author": null,
        "user_creation": null,
        "user_creation_id": null,
        "user_valid": null,
        "user_validation": null,
        "user_validation_id": null,
        "user_closing_id": null,
        "user_modification": null,
        "user_modification_id": null,
        "specimen": 0,
        "totalpaid": null,
        "labelStatus": [],
        "labelStatusShort": [],
        "tpl": null,
        "showphoto_on_popup": null,
        "nb": [],
        "nbphoto": null,
        "output": null,
        "extraparams": [],
        "product": null,
        "cond_reglement_supplier_id": null,
        "deposit_percent": null,
        "retained_warranty_fk_cond_reglement": null,
        "warehouse_id": null,
        "civility_code": "",
        "civility": "",
        "egroupware_id": null,
        "birthday_alert": null,
        "civilite": null,
        "fullname": null,
        "address": "115487, Город Москва, вн.тер. г. Муниципальный Округ Нагатино-Садовники, ул Нагатинская, дом 16, корпус 1, строение 5",
        "zip": "",
        "town": "",
        "poste": "Генеральный Директор",
        "socid": "3416",
        "fk_soc": "3416",
        "socname": "ООО АВТОАЛЬЯНС",
        "code": null,
        "email": "marina@yadex.ru",
        "mail": "marina@yadex.ru",
        "url": null,
        "no_email": "0",
        "socialnetworks": [],
        "photo": "",
        "phone_pro": "874546845",
        "phone_perso": "",
        "phone_mobile": "874546845",
        "fax": "",
        "priv": "0",
        "birthday": "",
        "default_lang": null,
        "ref_facturation": null,
        "ref_contrat": null,
        "ref_commande": null,
        "ref_propal": null,
        "user_id": null,
        "user_login": null,
        "roles": [],
        "cacheprospectstatus": [],
        "fk_prospectlevel": "",
        "stcomm_id": "0",
        "statut_commercial": "Никогда не общались",
        "stcomm_picto": null
    },
    {
        "module": null,
        "id": "4015",
        "entity": "1",
        "import_key": null,
        "array_options": [],
        "array_languages": null,
        "contacts_ids": null,
        "linked_objects": null,
        "linkedObjectsIds": null,
        "oldref": null,
        "actionmsg": null,
        "actionmsg2": null,
        "canvas": null,
        "fk_project": null,
        "contact_id": null,
        "user": null,
        "origin": null,
        "origin_id": null,
        "origin_object": null,
        "expedition": null,
        "livraison": null,
        "commandeFournisseur": null,
        "ref": "4015",
        "ref_ext": null,
        "statut": "1",
        "status": null,
        "country_id": "19",
        "country_code": "RU",
        "state_id": null,
        "region_id": null,
        "barcode_type": null,
        "barcode_type_coder": null,
        "mode_reglement_id": null,
        "cond_reglement_id": null,
        "demand_reason_id": null,
        "transport_mode_id": null,
        "shipping_method_id": null,
        "shipping_method": null,
        "fk_multicurrency": null,
        "multicurrency_code": null,
        "multicurrency_tx": null,
        "multicurrency_total_ht": null,
        "multicurrency_total_tva": null,
        "multicurrency_total_ttc": null,
        "multicurrency_total_localtax1": null,
        "multicurrency_total_localtax2": null,
        "model_pdf": null,
        "last_main_doc": null,
        "fk_bank": null,
        "fk_account": null,
        "note_public": "",
        "note_private": "",
        "name": null,
        "lastname": "Щербаков",
        "firstname": "Дмитрий",
        "civility_id": null,
        "date_creation": 1725270780,
        "date_validation": null,
        "date_modification": 1725451914,
        "date_update": null,
        "date_cloture": null,
        "user_author": null,
        "user_creation": null,
        "user_creation_id": null,
        "user_valid": null,
        "user_validation": null,
        "user_validation_id": null,
        "user_closing_id": null,
        "user_modification": null,
        "user_modification_id": null,
        "specimen": 0,
        "totalpaid": null,
        "labelStatus": [],
        "labelStatusShort": [],
        "tpl": null,
        "showphoto_on_popup": null,
        "nb": [],
        "nbphoto": null,
        "output": null,
        "extraparams": [],
        "product": null,
        "cond_reglement_supplier_id": null,
        "deposit_percent": null,
        "retained_warranty_fk_cond_reglement": null,
        "warehouse_id": null,
        "civility_code": "",
        "civility": "",
        "egroupware_id": null,
        "birthday_alert": null,
        "civilite": null,
        "fullname": null,
        "address": "123100, Город Москва, вн.тер. г. Муниципальный Округ Пресненский, ул Мантулинская, дом 12, этаж 2, помещение I КОМ. 5 ОФИС 1",
        "zip": "",
        "town": "",
        "poste": "Генеральный Директор",
        "socid": "3418",
        "fk_soc": "3418",
        "socname": "ООО ГЕРМЕС",
        "code": null,
        "email": "xzxz@asas.gf",
        "mail": "xzxz@asas.gf",
        "url": null,
        "no_email": "0",
        "socialnetworks": [],
        "photo": "",
        "phone_pro": "46545454",
        "phone_perso": "",
        "phone_mobile": "",
        "fax": "",
        "priv": "0",
        "birthday": "",
        "default_lang": null,
        "ref_facturation": null,
        "ref_contrat": null,
        "ref_commande": null,
        "ref_propal": null,
        "user_id": null,
        "user_login": null,
        "roles": [],
        "cacheprospectstatus": [],
        "fk_prospectlevel": "",
        "stcomm_id": "0",
        "statut_commercial": "Никогда не общались",
        "stcomm_picto": null
    }
]